Acc_timestamp,Accx,Accy,Accz,Gyro_timestamp,Gyrox,Gyroy,Gyroz,Baro_timestamp,Pressure_Reading
86957184,-2.502892,3.835695,8.973085,0,0,0,0,0,0
0,-2.723032,3.223132,7.9011,0,0,0,0,0,0
20224,-2.414358,3.773481,7.008578,1769210240,-12.67,-9.24,-3.29,0,0
41088,-2.196611,4.09412,6.728617,1769230464,-12.67,-9.24,-3.29,0,0
60160,-2.230111,4.113262,6.951149,1769251328,19.25,9.03,5.11,0,0
80128,-2.007578,4.362115,6.872187,1769270400,7.49,6.02,2.52,0,0
100096,-1.911865,4.814359,7.252645,1769290368,-8.75,4.41,7.77,0,0
120192,-2.084148,4.905287,8.070991,1769310336,-22.960001,6.16,10.64,0,0
141056,-2.203789,4.800002,8.508877,1769330304,-35.77,10.5,14.84,0,0
160128,-1.837688,4.768896,8.451449,1769351296,-30.66,13.23,15.12,0,0
180096,-1.639083,4.867002,7.817351,1769370368,-11.13,11.76,11.41,0,0
200064,-1.619941,4.85743,7.082755,1769390336,4.69,12.04,3.78,0,0
220032,-1.562513,4.725825,6.635297,1769410304,5.74,14.98,-0.07,0,0
241024,-1.524228,4.139583,6.216553,1769451264,-10.85,15.61,0.42,0,0
260096,-1.923829,3.701697,5.481956,0,0,0,0,0,0
280064,-2.019542,3.907479,4.706682,1769470336,-18.41,20.58,1.19,0,0
300032,-2.18704,3.675375,4.666004,1769490304,-33.25,27.299999,11.13,0,0
320000,-2.397608,3.215954,4.493721,1769510272,-65.169998,34.509998,17.85,0,0
340864,-2.603391,2.835495,4.180261,1769530240,-94.709999,45.43,24.08,0,0
359936,-2.816352,2.438286,3.359523,1769551104,-115.290001,58.52,30.940001,0,0
380032,-3.022135,2.330609,2.732604,1769570176,-135.100006,70.980003,38.920002,0,0
400000,-3.311667,2.59382,2.579463,1769590272,-165.550003,84.07,47.529999,0,0
419968,-3.67059,2.333002,1.864009,1769610240,-199.570007,95.129997,53.689999,0,0
440832,-4.21376,1.954936,2.28036,1769630208,-228.970001,107.660004,64.75,0,0
459904,-5.276174,1.454836,2.900101,1769651072,-264.73999,129.430008,77.840004,0,0
479872,-6.862615,0.401994,3.058028,1769670144,-285.670013,153.580002,91.279999,0,0
499968,-8.776874,-0.734596,2.749353,1769690112,-292.880005,181.649994,105.139999,0,0
519936,-10.585848,-1.938186,1.679761,1769710080,-310.029999,215.949997,117.739998,0,0
540800,-11.79183,-3.065206,0.543171,1769730176,-341.950012,241.009995,128.800003,0,0
559872,-13.466805,-3.531806,1.56012,1769751040,-383.110016,246.680008,132.720001,0,0
579968,-16.7689,-2.988636,2.287539,1769770112,-406.279999,257.179993,148.610001,0,0
599936,-22.557138,-2.995814,4.228118,1769790208,-374.640015,290.01001,193.970001,0,0
620672,-26.679974,-4.498507,6.989435,1769810176,-298.690002,302.540009,218.75,0,0
640768,-27.22793,-7.278966,6.618547,1769830912,-180.389999,315.630005,249.830002,0,0
659968,-24.890142,-9.238688,3.859623,1769851008,-3.29,340.690002,296.940002,0,0
679936,-19.003798,-8.075776,1.201197,1769870208,157.5,319.200012,307.790009,0,0
699904,-14.00519,-4.364508,0.057428,1769890176,247.520004,232.960007,299.529999,0,0
719872,-10.425529,0.459422,-0.504886,1769910144,273.630005,134.820007,250.25,0,0
740736,-9.123833,4.067799,-1.184447,1769950976,192.360001,48.02,123.830002,1830119552,1008.821106
759936,-9.073583,4.4674,-1.710868,0,0,0,0,0,0
779904,-10.265208,3.830909,-1.87358,1769970176,107.800003,43.119999,63.560001,0,0
799744,-11.301301,2.947958,-2.428715,1769990016,17.15,51.869999,20.58,0,0
819840,-11.327622,1.079163,-2.242075,1770009984,-53.34,45.779999,-9.45,0,0
840704,-10.789237,-1.210768,-0.433101,1770030080,-127.75,9.03,-43.75,0,0
859904,-9.851252,-3.629912,2.074577,1770050944,-214.899994,-47.599998,-70.699997,0,0
879744,-8.583055,-5.876772,3.878766,1770070144,-288.049988,-85.260002,-78.050003,0,0
899840,-7.886744,-6.506085,4.218546,1770089984,-327.529999,-79.590004,-71.400002,0,0
919808,-7.79103,-6.003592,3.732803,1770110080,-321.089996,-52.080002,-68.599998,0,0
942592,-7.338787,-4.768896,3.019742,1770130048,-265.299988,-36.540001,-66.290001,0,0
959744,-7.267002,-3.979264,2.184647,1770152832,-189.279999,-25.27,-45.009998,0,0
979712,-7.920243,-3.333202,0.988236,1770169984,-107.239998,-14.14,-27.93,0,0
1000704,-8.717053,-2.500499,-0.172283,1770189952,-26.460001,-4.27,-23.799999,0,0
1020672,-9.174082,-1.378266,-1.718047,1770210944,45.849998,-2.24,-24.85,0,0
1041536,-9.047262,1.098306,-4.15394,1770230912,95.620003,-8.61,-29.82,0,0
1060736,-7.800602,3.84048,-5.996413,1770251776,108.290001,-27.440001,-36.889999,0,0
1080576,-6.948757,4.902894,-6.204589,1770270848,84.489998,-63.279999,-37.52,0,0
1101056,-6.771688,4.051049,-5.505885,1770290816,2.66,-85.540001,-44.59,0,0
1120896,-7.484749,1.423729,-4.366901,1770311296,-123.760002,-76.650002,-65.519997,0,0
1141888,-8.35813,-0.531207,-3.180061,1770331136,-238.490005,-62.650002,-98.629997,0,0
1160960,-9.049655,-0.33021,-0.547956,1770352000,-310.23999,-63.91,-114.940002,0,0
1180928,-10.392029,-0.301496,0.837488,1770371200,-315.420013,-50.400002,-93.660004,0,0
1201408,-13.435699,-0.923629,0.349352,1770391168,-260.540009,-14.49,-64.120003,0,0
1221248,-15.919449,-1.684547,-0.361316,1770411648,-194.25,42.279999,-40.18,0,0
1242240,-14.85225,-2.550749,1.277767,1770431488,-126.489998,84.559998,3.01,0,0
1261312,-11.322837,-3.211168,4.031906,1770452352,-38.920002,96.529999,53.34,0,0
1281280,-8.243275,-2.730211,4.711468,1770471552,80.919998,88.620003,93.800003,0,0
1301120,-7.80778,-0.684347,1.196411,1770491520,222.740005,103.669998,112.629997,0,0
1322368,-9.286544,2.179861,-2.813959,1770511360,366.23999,137.759995,110.32,0,0
1343232,-11.337193,5.06082,-5.4676,1770532608,446.809998,160.300003,90.860001,0,0
1362432,-11.696117,6.817152,-5.740381,1770553472,405.299988,132.720001,62.16,0,0
1382400,-10.667203,6.575477,-4.362115,1770572672,262.149994,72.449997,35.77,0,0
1402496,-10.58824,4.273581,-2.799603,1770592640,76.580002,17.780001,17.08,0,0
1422336,-11.030912,1.914258,-1.782653,1770612608,-77.559998,8.26,-9.87,0,0
1443200,-10.628918,1.344766,0.349352,1770632576,-155.960007,0.21,-32.619999,0,0
1462400,-8.829515,2.024328,0.734596,1770653440,-164.919998,-34.509998,-42.349998,0,0
1482368,-7.262216,3.007778,1.18684,1770672640,-131.110001,-66.57,-29.68,0,0
1502464,-6.288338,2.330609,1.330409,1770692608,-100.730003,-72.870003,-18.83,0,0
1522304,-6.273981,0.397209,1.710868,1770712704,-92.260002,-68.529999,-18.76,0,0
1543168,-6.582655,-1.012164,2.498107,1770732544,-98.489998,-51.380001,-19.809999,0,0
1562368,-7.161718,-1.600798,2.708675,1770753408,-92.75,-27.860001,0.14,0,0
1582208,-7.659425,-1.375873,1.794617,1770772608,-49.490002,-6.79,27.16,0,0
1602176,-8.116454,-0.739382,0.90688,1770792448,15.96,1.47,43.610001,0,0
1622144,-8.602197,-0.485743,0.043071,1770812416,66.010002,-1.54,57.959999,0,0
1643136,-9.382257,-0.342174,-0.550349,1770832384,85.75,2.87,68.739998,0,0
1662208,-10.009177,-0.39003,-0.591027,1770853248,77.699997,5.95,68.669998,0,0
1682176,-9.980463,-0.442672,-0.334995,1770872320,63.560001,-2.59,60.549999,0,0
1702144,-9.171689,-0.236889,0.059821,1770892416,55.23,-15.4,50.68,0,0
1722112,-7.80778,0.078963,0.753739,1770912384,55.439999,-30.52,40.880001,0,0
1742976,-6.592227,0.267996,1.177269,1770953216,52.849998,-52.920002,8.47,1831121792,1008.810913
1762048,-6.171089,0.476172,1.091127,0,0,0,0,0,0
1782144,-6.936793,0.265603,-0.069392,1770972288,48.02,-52.360001,-9.31,0,0
1802112,-9.915856,-0.339781,-1.371087,1770992256,33.810001,-43.330002,-17.219999,0,0
1822080,-17.702101,-1.57687,-1.311267,1771012352,6.51,-23.799999,-34.369999,0,0
1842944,-22.66721,-2.895315,-3.912265,1771032320,-24.57,10.64,-46.200001,0,0
1862016,-19.731216,-3.113062,-3.160919,1771053184,-41.23,42.630001,-53.34,0,0
1881984,-13.150953,-2.009971,-1.318445,1771072256,-33.040001,-58.310001,-60.48,0,0
1902080,-13.30888,-1.76351,-1.246661,1771092224,-30.1,-137.970001,-29.049999,0,0
1922048,-16.328621,-0.801596,-2.304288,1771112192,-15.05,-90.090004,-38.709999,0,0
1944832,-15.058033,0.251246,-2.088934,1771132288,-11.83,-47.740002,-72.379997,0,0
1961984,-12.928421,0.57667,-1.036092,1771155072,2.17,-67.059998,-82.32,0,0
1981952,-12.521641,0.562313,-0.765703,1771172224,13.58,-71.75,-91,0,0
2001920,-11.669796,0.418744,-1.189233,1771192192,16.030001,-47.18,-102.550003,0,0
2022016,-9.437292,0.744168,-1.105484,1771212160,15.33,-32.549999,-107.940002,0,0
2042880,-7.149754,1.830509,-0.729811,1771232128,10.78,-39.48,-102.970001,0,0
2061952,-5.699703,3.491128,-0.89013,1771253120,1.05,-47.810001,-91.840004,0,0
2081920,-5.015356,4.565506,-1.902294,1771272192,-19.6,-46.27,-82.529999,0,0
2101888,-5.161318,4.010371,-2.177469,1771292160,-47.32,-25.34,-71.260002,0,0
2121856,-5.656632,3.199204,-2.522035,1771312128,-79.590004,-11.34,-63.700001,0,0
2142848,-5.472386,2.648855,-3.419343,1771332096,-93.870003,-16.52,-38.57,0,0
2161920,-5.804988,2.352145,-3.665804,1771352960,-78.120003,-19.67,9.1,0,0
2181888,-6.032306,2.292324,-3.493521,1771372160,-67.970001,-18.200001,45.849998,0,0
2201856,-6.69751,1.624727,-2.488536,1771392128,-79.800003,-3.71,72.590004,0,0
2221824,-7.743174,0.485743,-1.210768,1771412096,-111.160004,11.2,85.190002,0,0
2242688,-9.35833,-0.789631,0.454636,1771432064,-138.25,38.220001,95.059998,0,0
2261888,-10.348958,-1.902294,1.335195,1771452928,-140.350006,72.660004,102.410004,0,0
2281856,-10.578669,-2.634498,1.646262,1771472000,-104.090004,106.470001,112.910004,0,0
2301824,-11.227123,-4.31426,2.495714,1771492096,-27.02,129.570007,130.550003,0,0
2321792,-13.028918,-6.013163,0.861416,1771512064,88.690002,136.289993,148.960007,0,0
2342656,-17.706886,-6.175875,0.205783,1771532032,211.399994,152.110001,165.970001,0,0
2361728,-20.114067,-4.658825,1.438086,1771552896,301.630005,166.110001,175.210007,0,0
2381824,-15.306887,-2.656033,3.251846,1771571968,346.640015,165.130005,191.380005,0,0
2401792,-13.028918,0.090927,2.641676,1771592064,355.320007,128.589996,188.229996,0,0
2421760,-13.337594,2.694318,1.904687,1771612032,346.640015,97.580002,149.169998,0,0
2442624,-12.526425,4.144369,0.825524,1771632000,291.410004,64.959999,82.529999,0,0
2461696,-11.090734,3.531806,0.351745,1771652864,178.289993,9.1,16.66,0,0
2481664,-10.803595,2.048256,1.026521,1771671936,50.259998,-52.57,-39.619999,0,0
2501760,-12.244074,0.660419,0.842274,1771691904,-72.870003,-87.989998,-73.360001,0,0
2521728,-12.756138,-0.342174,0.153141,1771711872,-154.210007,-95.900002,-92.470001,0,0
2542592,-10.557133,-0.696311,-0.222532,1771731968,-186.899994,-116.270004,-106.610001,0,0
2561664,-8.468199,-1.177269,-0.301496,1771752832,-197.820007,-144.970001,-107.730003,0,0
2581632,-7.678568,-2.065006,-0.059821,1771791872,-189.139999,-141.610001,-114.730003,0,0
2601600,-7.372287,-2.498107,0.428315,0,0,0,0,0,0
2621696,-7.085148,-2.388037,0.277567,1771811840,-158.270004,-125.300003,-112.980003,0,0
2643328,-6.652047,-2.175076,0.052642,1771831936,-99.400002,-112.980003,-108.43,0,0
2661632,-6.398407,-1.854438,0.368495,1771853440,-35.420002,-105.419998,-104.160004,0,0
2681728,-6.501299,-1.272982,1.270589,1771871872,11.34,-92.82,-96.739998,0,0
2701696,-6.632904,-0.818345,1.715654,1771891968,43.259998,-72.379997,-85.82,0,0
2721664,-6.484549,-0.181855,1.01695,1771911936,75.529999,-56.279999,-74.550003,0,0
2742528,-5.79781,0.717847,0.014357,1771931904,101.43,-53.970001,-63.560001,0,0
2761600,-5.718846,1.495514,-2.057827,1771952768,110.529999,-54.389999,-47.18,1832121344,1008.809937
2781696,-9.796216,1.509871,-3.754339,1771971840,92.82,-54.599998,-33.110001,0,0
2801664,-26.986254,0.973879,-5.07757,1771991936,39.200001,-11.2,-13.16,0,0
2821632,-25.371098,-1.636691,-6.695118,1772011776,-51.939999,90.790001,31.99,0,0
2842496,-12.198609,-3.256632,-4.603791,1772031872,-136.990005,4.9,57.75,0,0
2861568,-8.551948,-2.837888,-5.190032,1772052736,-148.889999,-110.879997,78.610001,0,0
2881664,-11.442478,0.062213,-2.589034,1772071808,-130.899994,-72.590004,97.93,0,0
2901504,-11.906685,2.9336,-1.332802,1772091904,-72.239998,0.35,41.720001,0,0
2921472,-9.743573,3.955336,-1.490728,1772111744,24.360001,24.99,-1.61,0,0
2944384,-8.985049,2.935993,-2.572284,1772131712,88.830002,53.41,-11.76,0,0
2961536,-10.212566,0.418744,-3.675375,1772154624,71.260002,89.25,-0.14,0,0
2981632,-10.770095,-0.947558,-3.515057,1772171776,-9.45,137.899994,40.32,0,0
3001472,-9.202796,-1.45005,-1.134198,1772191744,-74.830002,156.800003,103.040001,0,0
3022464,-6.9344,-1.598405,1.629512,1772211712,-74.129997,110.879997,129.289993,0,0
3043328,-6.297909,-1.95015,1.945365,1772232704,-30.380001,84.07,128.940002,0,0
3062400,-7.257431,-1.954936,1.244268,1772253568,33.32,100.870003,120.68,0,0
3082496,-8.4347,-1.588834,1.378266,1772272640,82.739998,135.100006,112.629997,0,0
3102336,-7.726424,-0.722632,1.799403,1772292608,92.540001,139.440002,105.139999,0,0
3122816,-5.65424,0.129212,1.234696,1772312576,89.739998,103.110001,102.269997,0,0
3143680,-4.630112,0.634098,-0.478565,1772333056,89.599998,56.139999,97.230003,0,0
3162752,-5.328816,0.911665,-1.648655,1772353792,63.279999,24.85,73.010002,0,0
3182848,-8.214561,0.854238,-3.744767,1772372992,-15.89,34.790001,46.34,0,0
3202688,-15.890735,-0.447458,-3.732803,1772393088,-117.18,69.370003,26.67,0,0
3223168,-24.193829,-2.098505,-3.462414,1772412928,-197.330002,142.800003,7.63,0,0
3244032,-15.113067,-3.113062,2.088934,1772433408,-237.509995,120.959999,-20.370001,0,0
3263104,-9.159724,-3.345166,5.015356,1772454144,-208.389999,-2.38,-21.700001,0,0
3283200,-9.741181,-2.507678,5.108676,1772473344,-120.540001,16.52,31.99,0,0
3303040,-12.117253,1.136591,0.442672,1772493312,48.09,90.440002,36.049999,0,0
3322880,-11.10509,3.701697,-4.627719,1772513280,208.039993,100.940002,38.849998,0,0
3345024,-9.382257,4.17069,-4.979464,1772533120,240.169998,55.580002,62.439999,0,0
3364224,-9.446864,3.440879,-3.299703,1772555264,121.169998,-25.549999,36.049999,0,0
3384320,-10.145569,2.974278,-1.70369,1772574464,10.29,-43.259998,-0.77,0,0
3404160,-9.643075,3.120241,0.047856,1772594432,-9.1,-50.82,-32.900002,0,0
3424256,-8.889337,2.835495,2.127219,1772614400,-0.98,-80.150002,-50.82,0,0
3444992,-8.044669,2.682354,2.182254,1772634496,7.98,-95.059998,-58.240002,0,0
3464064,-6.130411,2.498107,0.428315,1772655232,17.01,-93.730003,-67.410004,0,0
3484160,-4.421937,2.65364,-0.442672,1772674304,16.24,-93.800003,-53.619999,0,0
3504128,-4.644469,2.991028,-2.069792,1772694400,-2.73,-95.760002,-30.870001,0,0
3524224,-9.310472,1.801795,-1.414158,1772714368,-29.889999,-78.260002,-16.450001,0,0
3544960,-22.841887,-0.478565,-2.811567,1772734336,-52.920002,-10.36,-12.39,0,0
3564032,-28.342983,-4.101298,-9.755538,1772755200,-69.090004,72.379997,-17.15,0,0
3584128,-13.624733,-0.208176,-9.351151,1772774272,-14.07,-19.950001,-6.3,0,0
3604096,-7.183254,3.823731,-9.396614,1772794368,22.889999,-184.380005,53.830002,0,0
3624064,-5.771489,6.994221,-7.814958,1772814336,40.670002,-200.270004,39.34,0,0
3644928,-7.508677,7.685746,-5.020142,1772834304,5.32,-152.949997,-33.950001,0,0
3664000,-12.189038,3.704089,-4.304688,1772855040,-46.830002,-71.68,-86.800003,0,0
3683968,-12.844672,-1.497907,-4.208975,1772874112,-92.68,-7.56,-148.119995,0,0
3703936,-9.710074,-2.476572,-3.622734,1772894208,-120.470001,-8.26,-134.330002,0,0
3723904,-8.059027,-0.081356,-2.907279,1772914176,-108.010002,-14.91,-39.200001,0,0
3744768,-8.707481,1.330409,-1.859223,1772955008,-22.120001,84.07,34.93,1833123584,1008.816345
3763840,-9.188439,0.538385,-0.497707,0,0,0,0,0,0
3783936,-8.724231,0.019143,1.473979,1772974080,16.17,104.160004,43.049999,0,0
3803904,-7.278966,-0.133998,2.206182,1772994048,57.119999,99.610001,50.259998,0,0
3823872,-5.898308,0.765703,1.749153,1773014144,118.440002,89.949997,64.400002,0,0
3844864,-4.649254,1.895115,-0.031107,1773034112,164.850006,72.239998,69.370003,0,0
3863808,-3.294917,3.388237,-0.947558,1773055104,181.720001,45.150002,67.690002,0,0
3883776,-2.785245,3.897908,-1.952543,1773074048,140.630005,10.92,67.269997,0,0
3903872,-3.969693,3.56052,-1.892723,1773094016,50.400002,-9.45,55.650002,0,0
3923840,-6.85783,1.804188,-3.838088,1773113984,-54.040001,12.95,39.619999,0,0
3946624,-14.452648,-0.693919,-6.233303,1773134080,-126.980003,50.540001,25.129999,0,0
3963776,-28.845474,-2.261217,-9.114261,1773156864,-176.889999,132.229996,-13.37,0,0
3983744,-16.130018,-1.825724,-2.043471,1773174016,-203.070007,91.209999,-60.689999,0,0
4003712,-7.302894,-1.777867,4.73061,1773193984,-201.180008,-166.600006,-61.670002,0,0
4023808,-6.465407,-2.553142,6.45105,1773213952,-153.720001,-174.300003,-34.02,0,0
4044672,-12.717852,-1.844866,5.551349,1773233920,-54.25,-27.09,-59.150002,0,0
4063744,-14.694324,-1.567299,-0.22014,1773254912,65.800003,91.07,-79.099998,0,0
4083712,-11.322837,0.119641,-3.725625,1773273984,161.910004,113.400002,-54.529999,0,0
4103680,-8.324631,1.713261,-3.948158,1773293952,177.589996,45.009998,-5.25,0,0
4123648,-6.788438,1.880759,-0.969093,1773313920,120.400002,-24.01,18.48,0,0
4144640,-6.223732,0.090927,1.086342,1773333888,25.620001,-49,21.91,0,0
4163712,-6.532406,-0.62692,2.476572,1773354880,-22.33,-44.310001,10.22,0,0
4183680,-6.953543,-0.579063,2.952743,1773373952,-14.84,-26.74,-10.43,0,0
4203648,-6.309873,-0.579063,2.021935,1773393920,57.189999,-20.02,-13.72,0,0
4223616,-4.82393,1.124627,1.031307,1773413888,144.339996,-43.119999,-12.11,0,0
4244608,-3.366701,1.744368,0.911665,1773433856,184.449997,-71.400002,-16.52,0,0
4263680,-3.761517,1.22034,-0.122034,1773454720,165.199997,-86.169998,-25.83,0,0
4283648,-8.427521,-0.421137,2.486143,1773473792,138.389999,-85.190002,-32.970001,0,0
4303616,-24.189043,-3.026921,4.811966,1773493888,70.559998,-48.369999,-45.709999,0,0
4323584,-34.157543,-5.891129,-2.775674,1773513856,25.059999,60.48,-29.68,0,0
4344448,-17.867207,-4.067799,-3.725625,1773533824,77.699997,102.620003,18.83,0,0
4363520,-13.825729,-2.734996,-5.300103,1773554688,182.559998,-18.549999,65.940002,0,0
4383616,-12.825529,-0.547956,-7.539784,1773573760,218.680008,-152.949997,158.899994,0,0
4403584,-13.414164,3.29731,-8.315059,1773593856,192.289993,-138.949997,114.239998,0,0
4423552,-10.530812,5.711668,-9.236296,1773613824,56.279999,-149.589996,66.150002,0,0
4444416,-9.147761,6.943972,-8.891729,1773633792,-100.169998,-193.759995,2.59,0,0
4463488,-8.602197,5.974878,-8.061419,1773654656,-208.809998,-191.309998,-92.120003,0,0
4483456,-6.501299,1.395016,-5.582455,1773673728,-273.980011,-162.960007,-136.639999,0,0
4503552,-6.338587,-5.199604,-3.376273,1773693696,-299.040009,-157.009995,-152.529999,0,0
4523520,-6.317052,-9.016156,-2.115255,1773713664,-243.25,-148.470001,-172.759995,0,0
4544384,-4.831109,-3.251846,0.189033,1773733760,-105.910004,-64.75,-40.25,0,0
4563456,-1.861616,1.770689,0.289532,1773754624,46.970001,19.74,69.019997,0,0
4583424,-0.562313,4.804788,0.909273,1773773696,161.279999,82.18,93.660004,0,0
4603392,-1.06002,6.269196,-0.775275,1773793664,160.229996,153.720001,71.190002,0,0
4623488,-1.639083,4.534399,-2.045863,1773813632,104.93,174.509995,37.240002,0,0
4644352,-4.086941,0.272782,-3.481557,1773833600,68.25,169.75,42.77,0,0
4663424,-10.707881,-2.969493,-5.302495,1773854592,64.400002,174.649994,20.440001,0,0
4683392,-24.815964,-3.519842,-6.381658,1773873664,-8.82,213.990005,-31.43,0,0
4704128,-25.064817,-4.041477,-1.868794,1773893632,-140.559998,246.75,-20.09,0,0
4723456,-17.314465,-4.859823,5.809773,1773914368,-256.480011,151.759995,65.590004,0,0
4744448,-15.275781,-6.374479,6.757331,1773954560,-132.440002,139.860001,123.760002,1834123136,1008.831543
4763520,-13.919049,-6.393622,7.546963,0,0,0,0,0,0
4783488,-12.186646,-3.481557,5.352744,1773973760,66.57,147.210007,71.610001,0,0
4803456,-12.777672,0.72024,-0.138784,1773993600,254.100006,123.900002,41.720001,0,0
4823424,-14.309079,4.802395,-4.699504,1774013696,364.279999,98.699997,9.38,0,0
4844288,-12.050256,6.936793,-5.168497,1774033664,325.360016,47.810001,-24.57,0,0
4863488,-7.685746,5.321638,-2.445465,1774054528,155.190002,-47.880001,-33.459999,0,0
4883328,-4.98425,1.67019,0.880559,1774073600,-11.41,-134.259995,-33.670002,0,0
4903424,-4.323831,-1.150948,4.522435,1774093568,-88.550003,-149.800003,-35.700001,0,0
4923264,-5.60399,-1.119841,5.02732,1774113664,-84.489998,-116.970001,-45.57,0,0
4946176,-6.565905,1.569692,3.869194,1774133504,-13.3,-82.32,-30.59,0,0
4963328,-5.398208,2.85703,1.043271,1774156416,47.950001,-95.690002,-4.13,0,0
4983296,-4.778467,2.493321,-1.12702,1774173568,69.93,-112.279999,4.9,0,0
5003264,-9.363115,1.261017,-0.433101,1774193536,29.049999,-104.230003,1.82,0,0
5023232,-24.217756,-1.249053,-2.866602,1774213504,-68.739998,-35.98,-11.69,0,0
5045248,-31.6714,-5.4676,-7.630712,1774233472,-151.410004,88.760002,-16.030001,0,0
5064320,-16.610975,-5.012963,-4.383651,1774255488,-153.300003,32.41,-6.09,0,0
5084288,-8.456236,-4.486543,-6.89133,1774274560,-130.270004,-150.990005,71.050003,0,0
5104384,-6.601797,-1.20359,-7.240681,1774294528,-107.520004,-181.229996,71.470001,0,0
5124224,-7.329216,2.414358,-4.886144,1774314624,-106.400002,-167.369995,-23.870001,0,0
5145600,-9.475577,3.335595,-3.926622,1774334464,-52.009998,-99.540001,-85.82,0,0
5164672,-11.810973,1.835295,-3.249453,1774355840,39.27,-28.42,-110.040001,0,0
5184640,-10.090532,-1.115055,-5.070391,1774374912,69.650002,-52.009998,-124.599998,0,0
5204608,-7.649854,-2.206182,-7.180861,1774394880,28.35,-44.380001,-80.57,0,0
5224576,-7.393822,0.107677,-5.56092,1774414848,-18.27,25.76,25.200001,0,0
5245952,-7.982457,0.964308,-2.880959,1774434816,-54.25,87.779999,89.809998,0,0
5265024,-7.989635,0.136391,0.957129,1774456192,-53.060001,114.029999,94.989998,0,0
5284992,-7.52782,-0.272782,5.989235,1774475136,-43.68,109.059998,77.910004,0,0
5304960,-6.506085,-0.052642,3.802195,1774495104,4.69,113.190002,66.5,0,0
5324928,-5.608776,0.167498,0.275175,1774515200,113.959999,127.470001,62.720001,0,0
5345792,-4.555934,0.691526,-1.332802,1774535168,201.389999,91.980003,46.830002,0,0
5366144,-4.383651,2.335395,-0.768096,1774555904,238.490005,51.380001,47.389999,0,0
5386112,-6.874579,1.56012,0.172283,1774576256,177.380005,30.17,40.389999,0,0
5406080,-14.440684,0.062213,2.124826,1774596352,59.080002,42.349998,17.85,0,0
5426048,-25.134211,-1.988436,2.282753,1774616320,-51.450001,109.340004,-2.31,0,0
5447040,-19.881962,-4.278367,3.639483,1774636288,-97.019997,111.790001,-5.53,0,0
5466112,-13.227524,-3.39063,2.024328,1774657280,-67.620003,30.450001,22.4,0,0
5486080,-11.251052,-1.545763,1.488336,1774676224,-22.610001,-10.36,49.77,0,0
5506176,-10.691131,0.275175,1.823331,1774696192,11.9,0.42,23.17,0,0
5526016,-10.638489,1.964507,1.258625,1774716416,43.189999,-0.98,-12.53,0,0
5547008,-10.368099,3.199204,-0.107677,1774736256,75.040001,-8.89,-42.98,0,0
5565952,-9.131011,3.022135,-1.17009,1774757120,86.870003,-23.66,-63.700001,0,0
5585920,-7.551748,1.505085,-0.772882,1774776192,58.59,-57.189999,-71.82,0,0
5606016,-6.745367,-0.413958,0.691526,1774796160,4.13,-91.349998,-67.830002,0,0
5625984,-6.805188,-1.933401,2.646462,1774816256,-48.09,-105.769997,-63.420002,0,0
5646848,-7.250252,-2.435893,3.68734,1774836224,-78.540001,-96.599998,-50.82,0,0
5665920,-7.271788,-1.883151,3.220739,1774857088,-65.309998,-80.989998,-25.9,0,0
5685888,-6.185446,-0.631705,2.359323,1774876160,-15.68,-83.160004,-4.62,0,0
5705856,-5.517848,-0.050249,0.33021,1774896128,36.259998,-99.190002,0.84,0,0
5725824,-7.73121,0.198604,-1.569692,1774916096,68.32,-103.669998,-5.18,0,0
5746816,-18.128025,0.133998,-0.9667,1774936064,79.800003,-74.269997,-6.58,0,0
5765760,-32.757744,0.5001,-9.174082,1774956928,89.879997,44.029999,30.450001,1835125504,1008.850281
5785856,-18.69273,-0.354138,-4.601398,1774976000,91.209999,82.809998,34.509998,0,0
5805824,-8.903693,-2.347359,-3.59402,1774995968,-13.58,-147.630005,21.210001,0,0
5825792,-6.750153,-4.218546,-4.445865,1775016064,-157.360001,-233.380005,57.400002,0,0
5846656,-7.369894,-1.938186,-6.616155,1775036032,-268.799988,-189.279999,1.4,0,0
5865728,-9.466006,1.974079,-3.141776,1775056896,-300.299988,-125.720001,-81.830002,0,0
5885824,-9.355937,3.019742,-2.98385,1775075968,-200.550003,-55.93,-145.669998,0,0
5905792,-8.437093,1.730011,-1.799403,1775095936,-62.439999,-7.91,-144.339996,0,0
5925760,-7.685746,-0.746561,-1.701297,1775115904,-20.58,13.79,-123.690002,0,0
5948544,-6.565905,-3.333202,-1.478764,1775136000,-90.440002,14.14,-102.129997,0,0
5965696,-4.811966,-4.115655,0.787239,1775158784,-168.350006,4.41,-60.549999,0,0
5985664,-2.443072,-2.926422,2.993421,1775175936,-175.839996,-2.87,-9.24,0,0
6005632,-0.404387,-2.478964,2.287539,1775195904,-115.989998,-4.62,45.150002,0,0
6025728,0.026321,-1.883151,1.09352,1775215872,10.85,-11.69,69.790001,0,0
6046592,-2.330609,-0.736989,-0.210568,1775235840,137.970001,-22.120001,61.389999,0,0
6065664,-7.341179,0.746561,-1.098306,1775256832,226.520004,2.94,55.02,0,0
6085632,-18.561125,2.050649,-3.397808,1775275904,246.119995,68.529999,88.830002,0,0
6105984,-24.437897,1.438086,-3.041277,1775295872,179.479996,92.889999,134.399994,0,0
6125568,-15.390635,-2.706282,3.17049,1775316096,18.969999,27.58,126,0,0
6146560,-11.229517,-4.426722,4.596612,1775335808,-124.879997,26.32,109.199997,0,0
6165632,-12.25843,-3.605984,5.802595,1775356800,-175.350006,138.600006,122.849998,0,0
6185856,-14.282759,-1.5003,6.573084,1775375872,-133.839996,191.520004,37.66,0,0
6205568,-15.993626,-0.411566,2.799603,1775396096,-27.299999,217.699997,1.47,0,0
6225536,-15.261423,0.433101,-0.492921,1775415808,104.790001,213.779999,0.56,0,0
6246528,-12.466606,-0.196211,-2.770889,1775435776,183.470001,147.490005,-24.290001,0,0
6265600,-9.726824,-1.057628,-1.564906,1775456640,193.619995,62.510002,-25.129999,0,0
6285568,-8.11167,-1.069592,0.57667,1775475712,150.080002,-2.31,-2.52,0,0
6305536,-7.302894,-0.256032,2.086541,1775495808,103.389999,-30.799999,12.25,0,0
6325504,-6.635297,0.282353,3.306881,1775515776,63.630001,-36.610001,12.46,0,0
6346368,-5.905487,0.782453,3.85723,1775535744,31.360001,-37.170002,6.3,0,0
6365440,-5.134997,1.162912,3.608376,1775556608,-0.77,-41.299999,-2.52,0,0
6385536,-4.816752,1.318445,1.342373,1775575680,-26.040001,-45.709999,-11.2,0,0
6405504,-6.221339,1.689333,0.495314,1775595776,-35.490002,-53.130001,-29.049999,0,0
6425472,-10.633704,0.696311,0.595813,1775615744,-48.439999,-41.369999,-39.970001,0,0
6446336,-23.6698,-1.205983,-0.973879,1775635712,-57.75,28.84,-13.72,0,0
6465408,-25.536201,-4.027121,-3.443272,1775656576,-72.660004,92.82,7.49,0,0
6485376,-14.907285,-5.876772,-1.490728,1775675648,-94.57,2.73,10.64,0,0
6505472,-10.047462,-6.793223,-2.557927,1775695616,-121.940002,-143.990005,70.980003,0,0
6525440,-12.153147,-3.625126,-3.996014,1775715584,-122.919998,-140.070007,93.029999,0,0
6546304,-15.184854,1.383051,-3.830909,1775735680,-96.809998,-89.949997,38.709999,0,0
6565376,-11.531013,4.185047,-2.605784,1775756544,-31.360001,-37.52,1.75,0,0
6585344,-7.37468,4.472186,-1.526621,1775775616,38.360001,-81.620003,-27.860001,0,0
6605312,-6.321837,2.804388,-2.507678,1775795584,61.389999,-88.410004,-49.77,0,0
6625408,-7.645068,0.074178,-2.117648,1775815552,45.43,-35.07,-50.68,0,0
6646272,-8.62134,-2.065006,-0.815953,1775835520,0.56,12.46,-57.189999,0,0
6665344,-7.008578,-2.550749,0.641276,1775856512,-30.799999,12.74,-64.120003,0,0
6685312,-4.87418,-1.270589,0.713061,1775875584,-17.85,17.290001,-23.030001,0,0
6705408,-4.613362,0.145962,0.571885,1775895552,15.96,38.57,33.880001,0,0
6726144,-5.431707,0.911665,0.459422,1775915648,34.439999,61.670002,54.040001,0,0
6746240,-6.18784,1.064806,-0.069392,1775936256,20.93,82.529999,60.130001,0,0
6765440,-6.429514,0.70349,-0.215354,1775956480,-8.89,85.120003,63.630001,1836125056,1008.868347
6785408,-6.058627,0.098106,0.605384,1775975552,-25.620001,69.650002,55.790001,0,0
6805376,-5.029713,-0.51685,1.249053,1775995648,-56,58.939999,48.650002,0,0
6825344,-4.4339,-0.775275,1.095913,1776015488,-73.989998,32.970001,35.349998,0,0
6846208,-5.338387,-0.401994,0.090927,1776035584,-66.779999,10.08,22.889999,0,0
6865280,-6.376873,-0.287139,-0.717847,1776056448,-44.099998,6.02,8.89,0,0
6885376,-10.13839,-0.526421,-4.12044,1776075520,-31.639999,27.02,-1.05,0,0
6905216,-22.758137,-0.839881,-5.079963,1776095616,-42,58.240002,-7.7,0,0
6925312,-28.735407,-3.328416,-5.029713,1776115456,-78.120003,113.959999,-9.24,0,0
6948096,-14.751752,-4.661219,1.241875,1776135552,-108.919998,49.349998,-33.459999,0,0
6966400,-6.769295,-4.565506,4.606184,1776158336,-130.830002,-98.629997,-0.56,0,0
6986240,-10.167104,-1.414158,5.371887,1776176512,-101.639999,-15.75,12.81,0,0
7006208,-14.122439,2.318645,3.634698,1776196480,-8.4,40.670002,-10.64,0,0
7026304,-13.048061,4.15394,-1.871187,1776216448,109.059998,97.860001,-52.990002,0,0
7047168,-10.705488,4.208975,-4.295116,1776236544,232.889999,111.300003,-43.75,0,0
7066752,-8.059027,2.199004,-4.084548,1776257408,242.970001,45.220001,-37.099998,0,0
7086592,-6.558727,0.172283,-1.213161,1776276992,133.210007,-28.210001,-42.07,0,0
7106688,-5.905487,-1.375873,2.270789,1776296832,-4.13,-59.5,-24.57,0,0
7126656,-6.01077,-1.98365,4.371687,1776316800,-129.850006,-61.740002,-10.01,0,0
7147520,-7.166504,-2.596212,5.257031,1776336896,-176.330002,-33.740002,-8.68,0,0
7167104,-7.204789,-2.823531,4.287938,1776357760,-137.410004,1.33,-8.82,0,0
7186944,-5.651847,-1.892723,2.667997,1776377216,-26.460001,4.55,-3.57,0,0
7206912,-4.953143,-1.344766,0.89013,1776397184,101.290001,-12.18,14.56,0,0
7227008,-4.68754,-0.416351,-0.009571,1776417152,194.949997,-27.299999,32.689999,0,0
7247872,-8.695518,-0.007178,-2.208575,1776437248,232.470001,-26.32,27.370001,0,0
7266816,-12.619746,0.133998,-1.129412,1776457984,198.309998,-3.92,21.07,0,0
7288064,-27.476782,-0.624527,-4.639683,1776477056,128.660004,56.91,29.68,0,0
7308032,-16.474585,-1.811367,-2.615355,1776498304,66.150002,38.709999,59.150002,0,0
7328128,-10.674382,-1.512264,-3.180061,1776518272,27.02,-119.07,82.529999,0,0
7348864,-11.169697,-0.619741,-3.345166,1776538368,-36.400002,-130.550003,99.889999,0,0
7368064,-12.277573,0.361316,-3.26381,1776559104,-75.32,-91,44.310001,0,0
7388032,-12.086146,0.043071,-2.787638,1776578304,-153.860001,-78.82,15.190001,0,0
7408000,-10.15514,-0.882952,-1.823331,1776598272,-178.639999,-65.379997,-38.009998,0,0
7428096,-9.312866,-1.179662,-0.397209,1776618240,-179.270004,-50.610001,-87.849998,0,0
7448832,-8.719445,-1.37348,0.236889,1776638336,-174.930008,-33.670002,-116.690002,0,0
7468032,-9.154939,-1.476372,0.098106,1776659072,-154.910004,-3.99,-114.590004,0,0
7488000,-9.162118,-1.770689,-0.48335,1776678272,-98,34.369999,-87.220001,0,0
7507968,-7.491928,-1.227518,-0.385244,1776698240,-12.88,42.420002,-45.220001,0,0
7528064,-5.168497,0.004786,-0.141177,1776718208,74.830002,18.129999,-0.84,0,0
7548800,-3.366701,1.289732,0.043071,1776738176,133.210007,9.73,42.700001,0,0
7568000,-2.689533,2.129612,-0.198604,1776759040,144.130005,15.05,66.709999,0,0
7587968,-2.912065,1.823331,-0.557528,1776778240,115.080002,32.27,68.529999,0,0
7607936,-3.768696,1.067199,-0.696311,1776798080,70.489998,56.07,60.200001,0,0
7627904,-4.876573,0.595813,-0.961915,1776818176,23.940001,67.760002,49.560001,0,0
7648768,-6.549156,0.337388,-2.194218,1776838144,-18.83,67.059998,39.060001,0,0
7667968,-10.128819,-0.131605,-4.520042,1776859008,-58.380001,67.129997,29.26,0,0
7687808,-20.082958,-0.789631,-8.250452,1776878208,-102.269997,85.610001,27.02,0,0
7707776,-30.558737,-3.955336,-12.387643,1776898048,-157.430008,119.07,36.889999,0,0
7727744,-20.463419,-7.673782,-6.752545,1776918016,-212.660004,64.82,16.379999,0,0
7748608,-12.473784,-7.479963,0.973879,1776937984,-242.059998,-65.099998,20.790001,0,0
7767808,-10.487741,-4.697111,4.23051,1776958848,-215.180008,-74.830002,33.740002,1837127424,1008.89447
7787776,-12.892529,0.421137,4.821537,1776977920,-54.040001,44.310001,-31.360001,0,0
7807744,-16.096518,3.806981,-2.18704,1776998016,212.309998,147.979996,-84.910004,0,0
7827712,-16.8694,6.034698,-7.147361,1777017984,405.579987,222.320007,-118.020004,0,0
7848576,-9.004191,4.098906,-4.553542,1777037952,414.470001,125.020004,-113.470001,0,0
7867648,-5.120641,-1.165305,-0.839881,1777058816,231.770004,-59.360001,-96.040001,0,0
7887744,-3.342773,0.315853,2.359323,1777077888,46.689999,-89.529999,-59.920002,0,0
7907712,-4.773681,2.301895,3.275774,1777097856,-98.980003,-22.540001,24.360001,0,0
7927680,-7.618747,3.23031,3.63709,1777117952,-103.809998,54.389999,44.59,0,0
7950464,-7.573284,2.191825,4.709075,1777137920,-115.43,75.040001,20.65,0,0
7967616,-6.632904,-0.524028,6.293124,1777160704,-145.25,68.739998,24.57,0,0
7987584,-7.422535,-3.158526,6.15434,1777177856,-126.279999,79.870003,21.77,0,0
8007680,-10.829915,-5.034499,4.833502,1777197824,-30.1,116.059998,31.08,0,0
8027648,-13.631909,-4.965107,2.67039,1777217792,103.669998,139.300003,57.330002,0,0
8048512,-13.720445,-2.706282,-0.143569,1777237888,212.660004,127.540001,77.980003,0,0
8067584,-14.562718,-0.710668,-2.749353,1777258752,273,87.150002,99.050003,0,0
8087552,-18.635302,-0.229711,-3.56052,1777277824,259.070007,57.330002,113.889999,0,0
8107520,-19.468006,-1.167697,-3.656233,1777297792,183.820007,55.510002,121.449997,0,0
8127616,-14.309079,-2.400001,-2.323431,1777317760,84.209999,-1.4,117.739998,0,0
8148480,-10.38485,-2.354537,-2.775674,1777337728,5.46,-121.870003,106.260002,0,0
8167552,-9.801002,-0.397209,-3.120241,1777358720,-27.02,-181.020004,80.43,0,0
8187520,-12.057433,1.464408,-3.668197,1777377792,-31.57,-183.75,40.18,0,0
8207488,-15.000606,2.017149,-4.591826,1777397760,-17.5,-162.539993,-1.54,0,0
8227456,-16.524832,1.28016,-4.101298,1777417728,-15.82,-168.279999,-37.799999,0,0
8248448,-13.251451,-1.816152,-3.199204,1777437696,-61.32,-199.570007,-62.790001,0,0
8267520,-9.35833,-4.311867,-2.392823,1777458560,-133.630005,-243.669998,-83.790001,0,0
8287488,-6.711867,-5.249853,-3.022135,1777477760,-197.960007,-266.279999,-93.940002,0,0
8307456,-6.352944,-4.024727,-3.058028,1777497728,-224.699997,-246.680008,-93.800003,0,0
8327424,-7.788638,-1.718047,-3.658626,1777517696,-231.630005,-203.419998,-105.419998,0,0
8348288,-7.783852,0.215354,-4.395615,1777537664,-228.970001,-152.039993,-126.770004,0,0
8367488,-5.864808,1.277767,-3.909872,1777558528,-219.169998,-133.839996,-132.649994,0,0
8387456,-4.740182,0.937986,-3.541377,1777577600,-214.690002,-146.930008,-130.970001,0,0
8407424,-5.4676,0.26321,-3.421736,1777597696,-207.830002,-133,-118.020004,0,0
8427392,-7.393822,-0.275175,-3.84048,1777617664,-211.960007,-82.459999,-102.550003,0,0
8448256,-8.178668,-0.267996,-4.362115,1777637632,-198.380005,-41.299999,-100.870003,0,0
8467328,-7.771888,-0.028714,-3.584448,1777658496,-159.25,-43.540001,-84,0,0
8487296,-8.939585,0.019143,-1.998007,1777677568,-123.830002,-42.630001,-38.639999,0,0
8507392,-11.703296,-0.339781,-1.945365,1777697536,-97.230003,-11.55,-3.22,0,0
8527360,-15.354744,-0.701097,-3.266203,1777717632,-58.240002,28.280001,28.49,0,0
8548224,-16.795221,-1.579263,-3.59402,1777737600,-10.64,59.5,70.209999,0,0
8567296,-14.108082,-2.979064,-1.74676,1777758464,25.76,82.599998,120.889999,0,0
8587264,-11.657832,-3.316452,1.765903,1777777536,61.670002,95.970001,170.240005,0,0
8607232,-10.571491,-3.902694,4.95075,1777797504,107.379997,117.599998,203.279999,0,0
8627328,-11.229517,-4.216154,2.459821,1777817472,185.5,154.979996,208.039993,0,0
8648192,-13.24906,-2.490928,-2.163112,1777837440,309.959991,207.130005,193.550003,0,0
8667264,-15.333207,2.007578,-6.360123,1777858432,444.920013,239.119995,185.360001,0,0
8687232,-12.492928,4.646862,-5.123034,1777877504,483.279999,202.020004,165.130005,0,0
8707200,-10.066606,2.770889,-1.954936,1777897472,354.130005,98.629997,153.229996,0,0
8727168,-9.035298,2.600998,0.440279,1777917440,197.259995,42.98,82.32,0,0
8748160,-8.032705,3.038885,1.330409,1777958400,-20.370001,54.389999,28.77,1838126976,1008.913452
8767232,-7.879565,2.440679,1.454836,0,0,0,0,0,0
8787200,-7.073184,1.270589,1.914258,1777977472,-69.580002,50.889999,-16.73,0,0
8807168,-6.108876,-0.334995,2.419144,1777997440,-125.93,48.93,-28.91,0,0
8827136,-5.740381,-1.426122,3.227918,1778017408,-157.289993,56.700001,-9.8,0,0
8848128,-5.79781,-1.885544,4.027121,1778037376,-145.809998,69.720001,8.54,0,0
8867200,-6.070591,-1.904687,4.54397,1778058368,-92.82,76.160004,26.25,0,0
8887168,-6.754939,-1.9669,4.991428,1778077312,-23.450001,76.230003,48.16,0,0
8907136,-8.037491,-2.021935,4.709075,1778097408,36.82,78.470001,66.57,0,0
8927232,-9.592826,-1.603191,3.397808,1778117376,84.769997,82.25,75.389999,0,0
8950016,-10.820344,-1.012164,2.730211,1778137344,124.529999,81.199997,80.57,0,0
8967168,-11.598011,-0.598206,2.455036,1778160256,152.669998,73.220001,86.449997,0,0
8987904,-11.184053,0.284746,1.387837,1778177408,168.559998,49.349998,84.629997,0,0
9007104,-9.533006,1.526621,-0.471386,1778198144,165.270004,5.18,74.480003,0,0
9027200,-8.015956,2.24686,-1.574477,1778217344,131.529999,-50.889999,59.639999,0,0
9047936,-7.728817,2.26361,-2.861816,1778237440,64.540001,-92.190002,36.82,0,0
9067136,-11.332408,1.514657,-3.811767,1778258176,-19.110001,-108.849998,7.28,0,0
9087104,-24.289543,0.799203,-1.897508,1778277376,-101.080002,-81.340004,-26.809999,0,0
9107072,-25.727629,-2.579463,-6.204589,1778297344,-169.330002,-18.129999,-54.670002,0,0
9127040,-16.328621,-3.460021,-5.608776,1778317312,-222.809998,-123.199997,-84.559998,0,0
9147904,-13.746766,-4.139583,-7.398607,1778337280,-295.610016,-278.529999,-79.309998,0,0
9168128,-12.035898,-2.251646,-8.786445,1778358144,-335.230011,-270.480011,-95.410004,0,0
9188096,-10.30828,1.107877,-6.166305,1778378368,-375.410004,-260.75,-135.729996,0,0
9208064,-10.162319,4.041477,-0.413958,1778398336,-394.940002,-237.160004,-187.039993,0,0
9228160,-8.449057,3.20399,5.012963,1778418304,-366.519989,-160.440002,-214.970001,0,0
9248896,-6.769295,0.397209,4.685147,1778438400,-230.369995,-85.68,-208.25,0,0
9268480,-6.305088,-1.823331,1.237089,1778459136,-45.360001,-5.46,-162.960007,0,0
9288448,-6.726225,-2.734996,-1.395016,1778478720,101.150002,46.130001,-81.900002,0,0
9308416,-5.974878,0.600598,-2.158326,1778498560,188.089996,83.300003,-17.15,0,0
9328512,-5.216353,3.620341,-2.600998,1778518656,215.389999,111.650002,50.470001,0,0
9349248,-5.489135,5.089533,-2.612962,1778538624,216.509995,128.449997,95.410004,0,0
9368832,-6.252446,4.04387,-2.730211,1778559488,164.5,126.139999,100.940002,0,0
9388800,-7.188039,1.701297,-2.088934,1778579072,92.050003,107.379997,96.040001,0,0
9408768,-7.925028,-0.351745,-0.954736,1778599040,34.860001,79.519997,80.220001,0,0
9428736,-7.685746,-1.210768,0.26321,1778618880,5.11,50.470001,58.029999,0,0
9449600,-6.752545,-1.136591,1.052842,1778638976,-3.36,28.98,49.84,0,0
9468544,-6.558727,-0.90688,1.423729,1778659840,-6.23,19.6,50.049999,0,0
9489792,-8.090133,-0.849452,-0.205783,1778678784,-12.6,28.559999,44.869999,0,0
9510016,-14.141582,-1.225125,-2.85703,1778700032,-21.84,54.670002,40.040001,0,0
9529856,-28.182665,-1.794617,-5.304887,1778720128,-44.799999,113.190002,37.73,0,0
9550720,-21.432512,-4.749753,-1.191626,1778740096,-93.099998,187.460007,34.09,0,0
9569920,-10.380065,-4.472186,3.294917,1778760960,-101.360001,80.639999,52.43,0,0
9589760,-4.878965,-3.816552,3.61077,1778780032,-58.939999,-33.389999,91.769997,0,0
9609728,-5.302495,-1.052842,2.790031,1778800000,42.91,-4.62,72.590004,0,0
9629824,-10.346564,1.294517,1.813759,1778819968,157.360001,61.529999,27.02,0,0
9650688,-15.558132,2.270789,-1.978864,1778840064,248.850006,123.480003,-13.93,0,0
9669760,-13.576876,1.399801,-4.06062,1778860800,263.269989,124.389999,-20.93,0,0
9689728,-9.305687,1.074377,-2.727818,1778880000,132.160004,29.610001,-16.870001,0,0
9709696,-7.039684,0.354138,-0.538385,1778899968,-47.740002,-41.93,14.28,0,0
9729792,-6.812366,-0.375673,1.215554,1778919936,-133.210007,-51.170002,32.759998,0,0
9750528,-6.695118,-0.502493,2.794817,1778960768,-123.550003,-34.580002,-4.34,1839129344,1008.93457
9769728,-7.013363,-0.904487,3.498307,0,0,0,0,0,0
9789696,-7.855636,-1.804188,3.739982,1778979968,-74.550003,-26.18,-17.219999,0,0
9809664,-7.831708,-2.048256,3.213561,1778999936,-11.48,-16.450001,-24.99,0,0
9829632,-6.465407,-0.629312,2.22054,1779019904,46.970001,-20.790001,-21.84,0,0
9850496,-4.989035,1.045663,1.050449,1779039872,97.090004,-42,-13.16,0,0
9869696,-4.814359,1.78026,-1.071985,1779060736,114.099998,-62.16,-9.73,0,0
9889664,-9.013763,1.342373,-0.679562,1779079936,114.239998,-67.830002,-12.18,0,0
9909632,-23.700909,0.011964,1.083949,1779099904,65.169998,-55.23,-19.460001,0,0
9929728,-30.183064,-1.519442,-4.929214,1779119744,-5.53,31.08,-9.73,0,0
9952384,-17.924635,-3.761517,-4.675575,1779139840,-41.509998,62.93,13.86,0,0
9969536,-14.610575,-3.328416,-4.943572,1779162624,-30.52,-60.200001,28.77,0,0
9989504,-12.019149,-2.545963,-6.12084,1779179776,-69.300003,-167.649994,99.75,0,0
10009472,-10.34178,-0.031107,-5.852845,1779199744,-116.270004,-147.070007,77,0,0
10029440,-9.174082,2.787638,-2.785245,1779219712,-169.680008,-153.089996,9.45,0,0
10050432,-8.829515,4.036692,-0.174676,1779239680,-168.350006,-143.430008,-71.190002,0,0
10069504,-8.38445,4.130012,0.808774,1779260544,-115.290001,-93.239998,-123.830002,0,0
10089728,-8.157133,1.201197,-0.354138,1779279616,-81.269997,-35.98,-149.800003,0,0
10109440,-8.664411,-2.043471,-1.998007,1779299968,-79.870003,8.33,-167.369995,0,0
10129408,-7.932207,-3.292524,-1.904687,1779319680,-109.550003,45.57,-143.149994,0,0
10150272,-6.228518,-2.098505,-0.064606,1779339648,-110.669998,55.510002,-54.529999,0,0
10169344,-4.843073,-0.18664,0.892523,1779360512,-65.169998,40.389999,16.379999,0,0
10189440,-4.534399,0.287139,0.880559,1779379584,-3.15,37.869999,55.650002,0,0
10209408,-5.156533,0.052642,0.646062,1779399552,51.240002,53.060001,80.220001,0,0
10229376,-5.838487,-0.272782,0.490529,1779419648,73.43,66.849998,87.290001,0,0
10250240,-5.85763,-0.260818,0.358923,1779439616,82.32,63.77,88.059998,0,0
10269312,-5.572884,-0.069392,-0.143569,1779460480,90.720001,48.650002,85.959999,0,0
10289280,-5.87438,0.401994,-0.985843,1779479552,89.529999,31.15,77.489998,0,0
10309248,-7.719246,0.602991,-2.624927,1779499520,65.730003,28.77,62.790001,0,0
10329344,-12.193825,0.306281,-5.836094,1779519488,22.889999,49.77,47.32,0,0
10350208,-23.918653,-0.272782,-6.862615,1779539456,-37.099998,85.889999,26.530001,0,0
10369280,-24.701107,-3.091527,-2.85703,1779560448,-105.279999,121.940002,6.44,0,0
10389248,-12.114861,-5.206782,4.675575,1779579520,-156.169998,50.610001,-23.030001,0,0
10409216,-5.663811,-6.62094,6.745367,1779599488,-159.110001,-55.580002,4.62,0,0
10429184,-7.111469,-4.268795,5.041678,1779619456,-88.129997,-11.41,10.15,0,0
10450176,-14.069797,-1.098306,2.37368,1779639424,64.889999,102.900002,-11.2,0,0
10469248,-17.149361,1.265803,-5.113462,1779660416,210.699997,178.149994,-48.369999,0,0
10489216,-13.485948,3.821337,-6.472585,1779679488,281.329987,178.570007,-35.84,0,0
10509184,-7.927422,3.448057,-5.989235,1779699456,192.289993,17.219999,-34.860001,0,0
10529152,-4.725825,2.35693,-4.517649,1779719424,33.599998,-101.080002,-33.040001,0,0
10550144,-3.668197,0.760918,-1.909473,1779739392,-109.340004,-130.339996,-32.41,0,0
10569216,-4.067799,-0.538385,1.071985,1779760256,-211.75,-101.639999,-48.580002,0,0
10589184,-5.781059,-2.134398,2.455036,1779779328,-267.75,-44.099998,-69.650002,0,0
10609152,-7.9681,-3.668197,2.957529,1779799424,-239.540009,-0.98,-80.220001,0,0
10629120,-8.877372,-4.527221,2.696711,1779819392,-151.339996,15.12,-62.93,0,0
10649984,-8.386844,-4.003192,2.175076,1779839360,-46.830002,12.04,-28.42,0,0
10669056,-7.020542,-2.366502,1.323231,1779860224,53.34,4.2,2.17,0,0
10689152,-6.376873,-0.981057,-0.107677,1779879296,132.930008,0.35,24.01,0,0
10709120,-6.690332,0.327817,-1.722832,1779899264,171.5,1.75,31.710001,0,0
10729088,-8.606983,1.507478,-5.13739,1779919360,157.919998,3.78,29.889999,0,0
10749952,-15.452848,1.332802,-7.721639,1779939328,106.120003,11.97,25.129999,0,0
10769024,-27.641886,0.258425,-10.016356,1779960192,22.610001,58.799999,25.9,1840128768,1008.958557
10788992,-19.396221,-4.488935,-7.590034,1779979264,-103.110001,59.779999,17.01,0,0
10809088,-11.868401,-6.175875,-6.142376,1779999232,-191.869995,-117.879997,5.95,0,0
10829056,-10.820344,-4.87418,-4.666004,1780019200,-216.020004,-196.210007,36.259998,0,0
10849920,-13.71566,0.174676,-0.547956,1780039296,-197.960007,-133.630005,5.67,0,0
10868992,-13.036098,3.381058,1.533799,1780060160,-121.800003,-64.610001,-41.860001,0,0
10888960,-9.399008,3.57727,2.935993,1780079232,-1.61,-32.830002,-68.669998,0,0
10908928,-7.805387,0.748954,1.591227,1780099200,59.360001,-4.76,-68.32,0,0
10929024,-7.188039,-1.677369,-0.708275,1780119168,58.240002,32.41,-52.080002,0,0
10951808,-6.300302,-2.354537,-1.622334,1780139136,-0.14,60.27,-3.22,0,0
10968960,-5.60399,-1.986043,-1.028914,1780162048,-44.66,60.619999,36.82,0,0
10988928,-5.063213,-1.39023,0.258425,1780179200,-54.32,55.650002,46.34,0,0
11009664,-5.278566,-1.048056,0.849452,1780199168,-53.41,63.91,61.18,0,0
11028992,-5.99402,-0.624527,1.194018,1780219904,-59.010002,65.099998,64.82,0,0
11049856,-6.699903,-0.545564,0.526421,1780239232,-60.27,59.010002,65.590004,0,0
11068928,-7.245467,-0.748954,-0.90688,1780260096,-47.880001,49.420002,64.190002,0,0
11088896,-7.618747,-1.105484,-1.782653,1780279168,-39.200001,31.639999,50.75,0,0
11108992,-7.771888,-1.366302,-0.911665,1780299136,-40.740002,8.19,36.610001,0,0
11128960,-7.52782,-1.325624,0.636491,1780319232,-49.700001,-6.37,28.91,0,0
11149824,-6.9009,-1.196411,1.438086,1780339200,-56.700001,-23.24,20.23,0,0
11168896,-6.9009,-1.071985,1.330409,1780360064,-59.57,-43.119999,7.07,0,0
11188864,-9.253045,-1.095913,-0.909273,1780379136,-69.860001,-44.310001,-1.54,0,0
11208960,-14.888142,-1.849652,-3.541377,1780399104,-90.090004,-23.030001,-7.77,0,0
11228928,-23.325233,-2.828316,-5.87438,1780419200,-115.290001,15.82,-11.9,0,0
11249792,-20.662024,-3.95055,-1.502693,1780439040,-143.220001,11.62,-29.610001,0,0
11268864,-11.519048,-2.988636,5.319244,1780460032,-146.509995,-79.239998,-61.459999,0,0
11288832,-7.558927,-0.028714,6.618547,1780479104,-109.059998,-150.289993,-39.759998,0,0
11308928,-10.703095,3.888337,2.969493,1780499072,2.8,-90.090004,-54.389999,0,0
11328768,-12.06222,6.089733,-3.696911,1780519168,129.009995,-6.44,-74.410004,0,0
11349760,-10.167104,5.472386,-4.725825,1780539008,141.330002,21.98,-57.330002,0,0
11368832,-7.073184,2.287539,-3.424129,1780560000,6.93,-57.75,-62.369999,0,0
11388800,-5.333601,-0.473779,-0.325424,1780579072,-134.119995,-108.989998,-53.060001,0,0
11408896,-4.577469,-1.787439,4.61097,1780599040,-219.029999,-99.330002,-27.790001,0,0
11428736,-4.788038,-2.440679,6.955935,1780619008,-236.740005,-63,-7.35,0,0
11449728,-6.908078,-2.522035,6.948757,1780638976,-165.970001,-9.38,-0.7,0,0
11468672,-8.11167,-2.237289,5.20439,1780659968,-40.389999,31.01,15.47,0,0
11488768,-7.159326,-1.916651,3.084348,1780678912,77.559998,35,56.209999,0,0
11508736,-6.094519,-0.98345,1.557728,1780699008,161.350006,23.66,88.410004,0,0
11528704,-5.848059,-0.01675,-0.370888,1780718976,196.210007,9.94,95.199997,0,0
11549696,-7.499106,0.557528,-3.536592,1780738944,185.009995,9.59,92.050003,0,0
11568640,-13.909478,0.282353,-3.259024,1780759808,132.509995,33.110001,88.620003,0,0
11588736,-29.460432,-1.287339,-4.323831,1780778880,63.07,110.25,92.75,0,0
11608704,-22.370499,-5.046463,0.153141,1780798848,13.79,150.289993,90.300003,0,0
11628672,-10.085747,-5.493921,2.335395,1780818944,1.05,-15.4,75.599998,0,0
11649536,-5.915058,-3.866802,-0.272782,1780859776,40.040001,-113.120003,72.169998,0,0
11668608,-11.219944,-0.165105,-1.258625,0,0,0,0,0,0
11688576,-19.204794,3.333202,-3.617948,1780878848,86.449997,-14.7,-6.44,0,0
11708672,-15.517454,4.299902,-3.888337,1780898816,128.029999,62.02,-55.16,0,0
11728640,-9.408579,3.665804,-2.641676,1780918912,125.440002,-41.23,-91.489998,0,0
11749504,-6.494121,1.70369,-2.256432,1780938880,56.98,-124.32,-111.580002,0,0
11768576,-5.87438,0.045464,-0.492921,1780959744,-5.95,-109.059998,-120.540001,1841128320,1008.98468
11788544,-5.733203,-1.751546,2.790031,1780978816,-92.889999,-63.91,-118.860001,0,0
11808640,-5.190032,-3.223132,5.553742,1780998784,-134.75,-43.889999,-113.889999,0,0
11828608,-4.532006,-3.460021,4.98425,1781018880,-166.880005,-16.66,-108.360001,0,0
11849472,-4.601398,-1.811367,3.096312,1781038720,-109.270004,10.5,-70.910004,0,0
11868544,-4.565506,-0.815953,1.014557,1781059712,-4.34,27.93,-25.76,0,0
11888512,-3.998406,1.308874,0.291924,1781078784,88.269997,23.030001,-1.4,0,0
11908608,-3.062813,2.902494,-0.617348,1781098752,133.699997,5.04,18.620001,0,0
11928448,-2.713461,3.292524,-1.031307,1781118848,129.430008,-27.790001,30.030001,0,0
11951360,-3.428915,2.443072,-1.562513,1781138688,78.82,-45.5,17.639999,0,0
11968512,-5.919843,1.543371,-3.553342,1781161600,10.99,-37.73,1.12,0,0
11988352,-14.124832,-0.267996,-7.372287,1781178752,-42.420002,-7.91,-4.41,0,0
12008448,-36.591045,-2.100898,-14.407186,1781198592,-80.360001,86.800003,-5.6,0,0
12028416,-18.022739,-5.161318,-6.094519,1781218560,-149.449997,94.919998,-37.73,0,0
12049280,-6.699903,-5.838487,1.935793,1781238656,-187.669998,-193.970001,-28.07,0,0
12068352,-2.524428,-5.82413,11.339586,1781259520,-189.699997,-231,46.27,0,0
12088320,-8.784052,-3.914658,13.890336,1781278592,-135.520004,-30.870001,46.34,0,0
12108288,-12.24168,-1.222732,8.271988,1781298560,25.969999,118.510002,-56.139999,0,0
12128256,-9.987641,-0.157926,0.792024,1781318528,254.309998,180.039993,-56.349998,0,0
12149248,-10.243673,-2.411965,-5.02732,1781338496,384.860016,225.330002,16.1,0,0
12168320,-11.277373,-3.720839,-4.48415,1781359488,391.790009,197.610001,-8.54,0,0
12188288,-7.944171,-3.189633,-1.359123,1781378560,288.26001,108.290001,-28.280001,0,0
12208256,-5.611169,-0.452243,1.490728,1781398528,191.309998,25.83,29.82,0,0
12228224,-4.699504,2.242075,3.56052,1781418496,151.410004,-22.120001,23.73,0,0
12249216,-4.666004,3.905087,3.584448,1781438464,125.090004,-13.79,5.39,0,0
12268288,-5.005785,3.4672,2.057827,1781459328,78.540001,12.32,-1.26,0,0
12288256,-4.924429,2.294717,0.306281,1781478400,17.99,8.54,-20.860001,0,0
12308224,-5.879165,0.9667,-1.79701,1781498496,-31.360001,-11.13,-34.23,0,0
12328192,-12.729815,-0.538385,0.22014,1781518464,-46.48,-1.61,-29.75,0,0
12349056,-40.438702,-3.897908,-2.696711,1781538432,-43.470001,87.849998,-11.2,0,0
12368128,-27.481567,-6.30748,-2.18704,1781559296,0.49,220.009995,21.91,0,0
12388224,-12.007183,-5.103891,-2.395216,1781578368,46.34,-29.960001,37.73,0,0
12408192,-9.190832,-3.61077,-3.275774,1781598464,9.59,-216.580002,131.039993,0,0
12428160,-9.245867,1.31366,-3.282953,1781618432,-12.74,-157.779999,91.279999,0,0
12449024,-10.13839,5.481956,-3.270989,1781638400,-36.400002,-106.610001,10.43,0,0
12468096,-9.308081,6.860222,-3.017349,1781659264,3.01,-80.57,-56,0,0
12488064,-7.274181,6.398407,-2.325824,1781678336,40.25,-79.519997,-73.709999,0,0
12508160,-6.680761,2.105684,-1.586441,1781698304,16.24,-74.830002,-77.769997,0,0
12528128,-7.45125,-2.85703,-1.521835,1781718272,-47.25,-61.389999,-102.480003,0,0
12548992,-7.176075,-5.953342,-0.380459,1781738368,-144.410004,-31.43,-103.809998,0,0
12568064,-6.245267,-6.623333,2.189433,1781759232,-213.919998,-3.71,-43.259998,0,0
12588032,-5.651847,-4.768896,3.943372,1781778304,-205.729996,11.62,16.66,0,0
12608000,-5.709275,-3.381058,3.0006,1781798272,-126,41.720001,61.389999,0,0
12628096,-5.644669,-2.208575,1.607977,1781818240,-12.67,61.880001,87.919998,0,0
12648960,-5.163712,-0.832702,0.708275,1781838208,60.900002,48.439999,95.760002,0,0
12668032,-4.469792,0.021535,0.191426,1781859200,97.790001,30.17,104.300003,0,0
12688000,-4.106083,0.847059,-0.634098,1781878272,123.199997,13.65,106.330002,0,0
12707968,-4.39083,1.457229,-1.672583,1781898240,131.740005,1.82,86.940002,0,0
12727936,-6.094519,1.383051,-3.723232,1781918208,109.760002,3.64,59.920002,0,0
12748928,-11.069198,0.863809,-5.290531,1781959040,-13.79,94.360001,26.460001,1842127744,1009.015259
12768000,-27.658636,-0.066999,-6.357729,0,0,0,0,0,0
12787968,-23.904299,-4.189832,-4.342973,1781978240,-86.730003,159.389999,2.66,0,0
12807936,-11.633904,-5.242674,2.270789,1781998208,-146.580002,-18.83,-57.260002,0,0
12827904,-6.412765,-6.195018,6.58744,1782018176,-184.169998,-154.350006,-8.96,0,0
12848768,-11.516656,-3.278167,8.025528,1782038144,-142.240005,-40.18,4.34,0,0
12867968,-16.25923,0.717847,5.307281,1782059008,-24.639999,101.150002,-46.200001,0,0
12887936,-13.098311,3.282953,-0.306281,1782078080,129.080002,143.710007,-81.830002,0,0
12907904,-10.470992,4.350152,-4.110869,1782098176,245.910004,138.25,-37.240002,0,0
12927872,-7.874779,3.20399,-5.79063,1782118144,241.710007,50.540001,-45.779999,0,0
12950784,-5.651847,1.887937,-4.034299,1782138112,124.389999,-11.13,-47.529999,0,0
12967808,-4.804788,0.746561,-0.100499,1782160896,-35.490002,-47.950001,-21.49,0,0
12987776,-5.28096,-1.270589,3.316452,1782178048,-164.149994,-45.849998,-16.030001,0,0
13007872,-7.015756,-2.835495,4.35733,1782198016,-210.559998,-9.31,-22.889999,0,0
13028608,-9.193225,-3.129812,4.151547,1782218112,-177.380005,35.560001,-13.79,0,0
13048704,-8.724231,-2.371287,3.632305,1782238848,-84.980003,42.420002,10.99,0,0
13067904,-6.479764,-1.378266,2.988636,1782258944,28.700001,6.79,38.5,0,0
13087872,-5.120641,-0.181855,1.861616,1782278144,137.130005,-22.82,59.080002,0,0
13107840,-5.304887,0.78006,0.68674,1782298112,205.029999,-19.389999,70.699997,0,0
13127808,-7.338787,1.088734,-1.387837,1782318080,210.559998,4.41,68.25,0,0
13148672,-13.423735,0.579063,-2.392823,1782338048,163.869995,37.799999,54.25,0,0
13167872,-30.946375,-0.129212,-2.471786,1782358912,99.330002,91.980003,47.950001,0,0
13187840,-24.830322,-2.998207,-2.998207,1782378112,48.23,164.080002,52.5,0,0
13207808,-13.258631,-2.57707,-1.954936,1782398080,29.4,28.77,61.950001,0,0
13227904,-10.463813,-2.828316,-3.605984,1782417920,-29.960001,-142.940002,101.290001,0,0
13248640,-9.822537,-1.007378,-4.316652,1782438016,-73.150002,-115.919998,80.849998,0,0
13267840,-10.021141,2.586641,-3.474378,1782458880,-135.729996,-94.849998,28.280001,0,0
13287680,-11.222338,4.589434,-2.309074,1782478080,-156.029999,-95.059998,-57.959999,0,0
13307776,-10.121639,4.481757,-2.172683,1782497920,-104.019997,-69.650002,-106.82,0,0
13327744,-8.073383,2.378466,-1.505085,1782518016,-34.02,-60.830002,-107.029999,0,0
13348608,-6.245267,-0.404387,-1.038485,1782537984,7.35,-71.68,-116.340004,0,0
13367808,-6.068198,-0.655633,-1.337588,1782558848,-4.55,-72.029999,-115.360001,0,0
13387776,-5.82413,-0.959522,-1.840081,1782578048,-63.139999,-49.77,-67.059998,0,0
13407744,-5.656632,-0.964308,-1.48355,1782598016,-97.440002,-7.07,-17.360001,0,0
13427712,-5.819345,-0.571885,0.055035,1782617984,-65.519997,44.52,6.44,0,0
13448576,-6.711867,2.273181,10.459028,1782637952,13.02,75.809998,43.049999,0,0
13467776,-6.245267,0.68674,-1.129412,1782658816,67.199997,75.110001,70.139999,0,0
13487616,-6.183054,1.021735,-1.730011,1782677888,71.120003,63,80.290001,0,0
13507712,-6.257231,1.354338,-2.311467,1782697856,49.84,50.68,83.790001,0,0
13527552,-6.546762,0.997807,-2.342573,1782717952,18.41,34.790001,70.980003,0,0
13548544,-6.525227,0.863809,-2.533999,1782737792,-27.440001,24.219999,51.310001,0,0
13567744,-6.446264,0.562313,-3.285345,1782758784,-73.5,13.86,35.91,0,0
13587584,-6.465407,0.155533,-4.474578,1782777856,-94.150002,7.28,21.07,0,0
13607552,-7.008578,-0.045464,-5.075177,1782797824,-93.800003,22.469999,6.44,0,0
13627648,-8.504091,-0.148355,-4.591826,1782817792,-86.029999,60.48,-5.88,0,0
13648512,-9.968499,-0.5001,-3.570091,1782837888,-81.550003,114.239998,-5.25,0,0
13667584,-10.427922,-0.751346,-1.801795,1782858752,-49.77,95.480003,-11.34,0,0
13687552,-10.444671,-0.801596,0.413958,1782877824,-14.56,-8.33,35.98,0,0
13707520,-10.681561,-0.61017,2.510071,1782897792,82.389999,33.599998,58.170002,0,0
13727616,-14.754145,1.74676,8.274381,1782917760,215.669998,113.959999,26.460001,0,0
13748352,-13.64866,3.091527,-3.672983,1782937856,266.980011,132.930008,13.16,0,0
13767552,-10.614561,2.478964,-4.218546,1782958592,315.630005,108.919998,12.32,1843127168,1009.04657
13787520,-8.437093,2.206182,-3.127419,1782977792,250.25,9.59,-1.12,0,0
13807488,-7.872386,1.304088,-2.366502,1782997760,121.379997,-61.25,-18.41,0,0
13827456,-8.030313,0.765703,-0.117248,1783017728,6.16,-83.090004,-24.219999,0,0
13848448,-8.941978,0.162712,1.320838,1783037696,-60.830002,-77.419998,-36.470001,0,0
13867520,-8.980263,0.09332,1.287339,1783058688,-83.230003,-70.840004,-61.810001,0,0
13887488,-8.896514,-0.023928,1.06002,1783077760,-79.099998,-85.050003,-77.769997,0,0
13907456,-8.702696,-0.086142,1.289732,1783097728,-58.59,-108.010002,-72.449997,0,0
13927552,-8.714661,0.138784,2.744568,1783117696,-20.16,-113.82,-68.529999,0,0
13950208,-7.503892,2.172683,19.01576,1783137664,22.4,-104.300003,-71.610001,0,0
13967488,-6.616155,0.897308,5.938986,1783160448,52.639999,-93.239998,-78.120003,0,0
13987328,-6.235696,1.464408,0.332602,1783177728,70.419998,-83.860001,-82.529999,0,0
14007296,-7.197611,1.098306,-1.658226,1783197568,78.610001,-79.029999,-84.559998,0,0
14027264,-12.705888,0.366102,-0.904487,1783217536,65.870003,-60.830002,-82.809998,0,0
14048256,-13.923835,0.143569,-0.880559,1783237504,19.25,1.26,-66.43,0,0
14067328,-14.842678,-0.253639,-0.078963,1783258496,-20.93,56.84,-24.85,0,0
14087296,-14.813965,-0.619741,0.729811,1783277568,-25.48,-3.43,26.32,0,0
14107264,-14.672788,-1.036092,0.114855,1783297536,-23.59,-83.230003,105.980003,0,0
14127232,-14.287544,-1.363909,-1.868794,1783317504,0.77,-41.299999,130.410004,0,0
14148224,-13.69891,-1.366302,-3.919443,1783337472,24.780001,-33.880001,100.029999,0,0
14167296,-13.158132,-1.141376,-5.369494,1783377408,19.25,-62.02,-12.53,0,0
14187264,-12.658032,-0.832702,-6.381658,0,0,0,0,0,0
14207232,-12.160326,-0.612563,-6.932007,1783397504,17.43,-32.549999,-29.190001,0,0
14227200,-7.795816,-0.78006,-4.273581,1783417472,-15.190001,-11.97,-30.309999,0,0
14248064,-7.685746,-3.302095,0.861416,1783437312,-88.410004,-1.75,-44.170002,0,0
14267136,-5.448457,-3.632305,1.591227,1783458304,-140.139999,23.799999,0.49,0,0
14287104,-4.082155,-2.799603,1.785046,1783477376,-121.520004,68.25,64.82,0,0
14307072,-3.864408,-1.837688,1.708475,1783497344,-45.709999,96.739998,75.949997,0,0
14327040,-3.850052,-1.292124,1.933401,1783517312,37.310001,118.650002,74.410004,0,0
14348032,-3.854837,-1.194018,1.694118,1783537280,95.269997,132.440002,77.840004,0,0
14367104,-4.012764,-0.916451,0.935594,1783558272,122.360001,126.139999,72.309998,0,0
14387072,-4.847858,-0.066999,-0.459422,1783577344,123.970001,111.230003,63.630001,0,0
14407040,-6.9009,0.672383,-3.0006,1783597312,102.970001,103.389999,55.299999,0,0
14427008,-13.18206,1.282553,-4.646862,1783617280,60.200001,115.360001,52.080002,0,0
14448000,-31.379475,2.313859,-5.216353,1783637248,-2.52,158.759995,68.459999,0,0
14467072,-27.287748,-3.512664,-2.005185,1783658112,-72.029999,234.220001,129.779999,0,0
14487040,-11.868401,-7.482357,7.499106,1783677184,-121.239998,118.230003,71.610001,0,0
14507008,-5.793024,-7.958528,9.540184,1783697280,-147.070007,-45.990002,73.779999,0,0
14526976,-11.576476,-1.801795,4.218546,1783717248,9.03,47.32,62.16,0,0
14547840,-16.950754,6.008378,-3.728018,1783737216,250.669998,92.120003,8.96,0,0
14566912,-15.924235,8.133204,-6.836295,1783758080,346.850006,96.739998,-22.68,0,0
14587008,-10.15514,4.039084,-4.756931,1783777152,205.729996,-43.959999,-82.529999,0,0
14606976,-7.018148,0.918844,-2.366502,1783797120,-16.59,-181.720001,-107.590004,0,0
14626944,-5.096712,0.031107,0.461815,1783817216,-121.660004,-216.369995,-120.260002,0,0
14647808,-3.816552,-0.081356,3.026921,1783837184,-131.949997,-218.259995,-130.199997,0,0
14666880,-3.974478,-0.528814,4.788038,1783858048,-122.360001,-188.789993,-115.779999,0,0
14686848,-5.225924,-2.213361,5.072784,1783877120,-133.490005,-131.949997,-103.949997,0,0
14706944,-6.652047,-3.393023,3.476771,1783897088,-138.669998,-77.699997,-108.220001,0,0
14726912,-6.618547,-3.223132,1.452443,1783917056,-94.290001,-52.360001,-105.349998,0,0
14747776,-6.190232,-2.021935,-0.911665,1783937152,-5.18,-52.709999,-75.110001,0,0
14766848,-8.480164,-0.641276,-2.610569,1783958016,78.610001,-58.170002,-36.189999,1844126592,1009.076843
14786816,-15.984055,0.291924,-1.677369,1783977088,125.93,-26.460001,6.23,0,0
14806784,-27.08436,-0.538385,-2.883351,1783997056,139.160004,50.400002,81.410004,0,0
14826880,-20.719452,-3.845266,-0.55992,1784017024,119.489998,69.300003,143.360001,0,0
14847744,-14.677574,-4.713861,-2.122434,1784036992,79.800003,-45.080002,132.369995,0,0
14866816,-15.914663,-3.835695,-3.737589,1784057984,61.950001,-92.610001,180.740005,0,0
14886784,-14.23251,-0.622134,-4.06062,1784077056,71.889999,-53.34,149.729996,0,0
14906752,-10.920842,2.067399,-3.519842,1784097024,75.669998,-92.050003,105.07,0,0
14926720,-9.466006,2.959922,-2.825923,1784116992,85.470001,-129.149994,36.119999,0,0
14949632,-9.284152,2.821138,-2.809174,1784136960,95.059998,-109.900002,-39.41,0,0
14966784,-9.025726,3.366701,-2.572284,1784159872,67.129997,-80.989998,-100.519997,0,0
14986752,-7.322037,3.756732,-1.990828,1784177024,-2.45,-61.110001,-135.660004,0,0
15006720,-5.216353,2.809174,0.086142,1784196992,-89.040001,-47.670002,-139.020004,0,0
15026688,-4.508078,-1.366302,2.24686,1784216960,-179.270004,-32.34,-127.050003,0,0
15048320,-5.051248,-4.228118,2.208575,1784236928,-198.520004,5.11,-101.080002,0,0
15066752,-6.331409,-3.617948,1.428515,1784258560,-140.770004,67.760002,-30.59,0,0
15087232,-6.989435,-0.885344,0.555135,1784276992,-34.580002,94.220001,45.849998,0,0
15107200,-5.520242,0.454636,-0.471386,1784297472,44.869999,88.410004,78.82,0,0
15127168,-4.354938,1.265803,-0.878166,1784317312,78.470001,69.93,113.610001,0,0
15148032,-4.768896,1.634298,-1.146162,1784337408,60.200001,60.760002,116.059998,0,0
15167104,-6.245267,1.785046,-0.72024,1784358272,18.969999,72.169998,97.860001,0,0
15187456,-8.145168,0.985843,-0.847059,1784377344,-38.920002,99.889999,86.449997,0,0
15207424,-10.059426,-0.198604,-1.761117,1784397696,-89.389999,117.739998,68.879997,0,0
15227392,-13.205987,-0.866202,-1.998007,1784417664,-124.389999,115.989998,46.970001,0,0
15248256,-19.238295,-1.354338,-0.198604,1784437632,-151.830002,125.230003,46.689999,0,0
15267328,-19.554146,-3.639483,1.538585,1784458496,-179.130005,152.740005,56.630001,0,0
15287168,-15.299707,-6.003592,2.062613,1784477568,-186.059998,140.139999,51.099998,0,0
15308416,-13.749159,-6.853044,1.485943,1784497408,-170.029999,85.470001,66.43,0,0
15328384,-16.098909,-5.898308,0.868595,1784518656,-106.959999,89.040001,83.300003,0,0
15349376,-17.704494,-3.244668,0.205783,1784538624,8.47,106.470001,61.110001,0,0
15368448,-14.584253,-0.600598,-0.643669,1784559616,145.669998,99.540001,26.67,0,0
15388544,-11.521441,1.246661,-1.663012,1784578688,257.110016,38.220001,-7.21,0,0
15408384,-9.793823,3.407379,-3.220739,1784598784,282.799988,-37.869999,-45.709999,0,0
15428352,-8.044669,5.577669,-3.565305,1784618624,230.020004,-75.459999,-80.150002,0,0
15449344,-6.106483,6.314659,-3.156133,1784638592,126.559998,-101.150002,-95.550003,0,0
15468416,-4.699504,5.082355,-2.368894,1784659584,3.08,-124.529999,-102.550003,0,0
15488384,-4.285545,1.852045,-1.179662,1784678528,-128.800003,-127.470001,-112.910004,0,0
15508352,-5.201996,-1.828116,0.222532,1784698624,-255.149994,-110.040001,-123.550003,0,0
15528320,-6.070591,-4.141976,1.978864,1784718592,-350.910004,-85.190002,-123.970001,0,0
15549312,-6.575477,-4.34058,3.668197,1784738560,-380.029999,-47.950001,-85.610001,0,0
15568384,-6.73101,-3.866802,4.828716,1784759552,-341.040009,-8.75,-43.68,0,0
15588352,-6.999006,-3.996014,6.020342,1784778496,-245.350006,10.85,-16.73,0,0
15608320,-8.389235,-5.146961,6.735795,1784798592,-127.68,30.52,18.549999,0,0
15628288,-12.177074,-6.410372,5.067998,1784818560,6.37,63.84,54.740002,0,0
15649280,-18.314665,-7.788638,1.440479,1784838528,160.509995,103.599998,88.760002,0,0
15668224,-22.49732,-7.147361,-4.350152,1784859392,326.970001,137.830002,137.339996,0,0
15688320,-20.915661,-3.488736,-7.377072,1784878464,473.200012,138.180008,187.669998,0,0
15708160,-16.280766,-0.181855,-7.276574,1784898560,528.289978,45.709999,218.190002,0,0
15728256,-13.040883,1.768296,-5.946165,1784918400,447.160004,-55.16,228.619995,0,0
15749120,-11.301301,2.78046,-4.847858,1784938496,290.149994,-119.419998,202.440002,0,0
15768192,-11.56451,3.914658,-4.429115,1784959360,144.830002,-143.5,147.419998,1845127936,1009.107178
15788288,-13.3352,4.816752,-3.95055,1784978432,54.880001,-149.309998,71.120003,0,0
15808128,-13.837693,4.354938,-3.909872,1784998400,0.77,-145.389999,18.83,0,0
15828224,-10.978271,2.701497,-3.196811,1785018368,-73.919998,-172.619995,-24.5,0,0
15849088,-7.853244,0.4666,-2.29711,1785038336,-174.089996,-223.440002,-78.82,0,0
15868160,-5.871986,-1.105484,-1.95015,1785059328,-258.929993,-233.660004,-131.389999,0,0
15888256,-5.101498,-1.423729,-1.363909,1785078400,-320.459991,-209.720001,-164.289993,0,0
15908096,-5.405386,-1.064806,-0.583849,1785098496,-355.459991,-171.009995,-174.089996,0,0
15928064,-5.982057,-0.425922,-0.0335,1785118336,-344.470001,-123.199997,-167.509995,0,0
15950976,-6.374479,-0.09332,0.043071,1785138304,-290.709991,-81.900002,-146.229996,0,0
15968128,-6.38405,-0.031107,-0.327817,1785161216,-216.300003,-65.590004,-114.660004,0,0
15988224,-6.563512,0.394816,-0.937986,1785178368,-140.699997,-60.689999,-77.980003,0,0
16008064,-7.183254,0.535992,-1.98365,1785198336,-69.650002,-58.380001,-36.540001,0,0
16028032,-8.595018,0.981057,-2.67039,1785218304,-35.630001,-56.700001,2.66,0,0
16049024,-10.040283,0.916451,-4.139583,1785238272,9.17,-51.099998,17.08,0,0
16067968,-9.963714,0.892523,-5.079963,1785259264,23.940001,-41.369999,40.950001,0,0
16087936,-9.499505,0.863809,-4.871787,1785278208,9.17,-40.599998,57.540001,0,0
16107904,-8.752945,0.803988,-3.409772,1785298176,-32.060001,-56.139999,61.18,0,0
16128000,-9.829715,0.715454,-1.402194,1785318144,-74.900002,-55.299999,56.98,0,0
16148864,-11.868401,0.591027,-0.909273,1785338112,-93.730003,-22.68,49.91,0,0
16167936,-13.825729,0.557528,-1.919044,1785359104,-77.769997,17.710001,44.869999,0,0
16187904,-13.615161,-0.239282,-2.665605,1785378176,-49.91,47.670002,49,0,0
16207872,-11.897114,-1.744368,-2.127219,1785398144,-39.619999,80.220001,64.050003,0,0
16227840,-10.528419,-2.959922,-1.454836,1785438080,-59.290001,113.260002,102.269997,0,0
16248832,-11.306087,-3.957729,1.033699,0,0,0,0,0,0
16267904,-13.191631,-4.941179,3.388237,1785459072,-50.119999,145.529999,114.730003,0,0
16287872,-14.813965,-6.195018,6.051448,1785478144,-2.73,185.919998,121.730003,0,0
16307840,-14.251652,-6.439085,3.182454,1785498112,104.230003,225.259995,135.029999,0,0
16327808,-12.078968,-3.964907,-1.004985,1785518080,261.450012,255.570007,158.479996,0,0
16348800,-11.140982,-0.997807,-3.641876,1785538048,392.700012,228.270004,154.210007,0,0
16367872,-10.092925,1.923829,-3.699304,1785558912,428.399994,179.479996,112.279999,0,0
16387840,-8.805587,4.12044,-1.67019,1785577984,338.660004,129.149994,80.080002,0,0
16407808,-7.499106,4.199404,0.346959,1785598080,178.850006,75.110001,44.59,0,0
16427776,-7.688138,2.766103,1.753939,1785618048,32.27,54.32,7,0,0
16448640,-8.559127,2.256432,2.888137,1785638016,-45.990002,65.660004,-35.700001,0,0
16467712,-8.054241,2.39043,3.570091,1785658880,-70.279999,61.389999,-63,0,0
16487808,-6.647261,2.086541,4.606184,1785677952,-70.349998,33.670002,-64.190002,0,0
16507776,-5.575277,1.107877,5.855237,1785697920,-70.980003,-1.05,-66.5,0,0
16527744,-5.761917,-0.442672,6.111269,1785718016,-71.68,-13.58,-62.650002,0,0
16548608,-7.427321,-1.22034,5.584848,1785737984,-56.84,0.56,-47.880001,0,0
16567680,-8.542377,-1.227518,4.871787,1785758848,-28,19.809999,-27.370001,0,0
16587648,-8.374879,-1.316052,4.240082,1785777920,17.219999,15.75,3.78,0,0
16607744,-8.618947,-1.270589,3.639483,1785797888,68.040001,-6.86,36.75,0,0
16627712,-10.25803,-1.026521,2.830709,1785817856,115.010002,-18.059999,65.870003,0,0
16648576,-12.567105,-0.550349,0.303888,1785837952,157.919998,-5.18,96.809998,0,0
16667648,-16.201803,0.366102,-2.426322,1785858816,183.470001,1.82,123.059998,0,0
16687616,-26.902506,0.772882,-1.911865,1785877888,170.309998,-6.23,138.949997,0,0
16707584,-28.048666,-0.442672,-6.60419,1785897856,135.169998,18.549999,162.889999,0,0
16727680,-18.525232,-1.76351,-6.393622,1785917824,66.220001,-49.98,165.479996,0,0
16748544,-14.481362,-2.900101,-7.556533,1785937792,-78.68,-226.100006,147.350006,0,0
16767616,-12.21536,-1.749153,-10.210175,1785958784,-201.180008,-274.190002,106.82,1846127360,1009.139404
16787584,-10.24846,3.038885,-9.662218,1785977856,-300.019989,-300.860016,15.05,0,0
16807552,-8.348558,6.183054,-5.991628,1785997824,-360.850006,-325.01001,-119.07,0,0
16827520,-5.139783,6.482157,-1.428515,1786017792,-318.640015,-281.75,-192.710007,0,0
16848512,-2.498107,3.531806,1.014557,1786037760,-201.180008,-206.919998,-190.539993,0,0
16867584,-4.608576,-2.548356,-0.435494,1786058624,-99.120003,-155.820007,-221.270004,0,0
16887552,-8.147561,-8.11167,-1.397408,1786077824,-63.139999,-91,-218.470001,0,0
16907520,-7.113862,-4.728218,-1.09352,1786097792,-15.89,-26.950001,-97.510002,0,0
16927488,-3.393023,1.938186,-2.210968,1786117760,81.059998,1.47,9.03,0,0
16950400,-3.550949,4.709075,-2.366502,1786137728,176.470001,49.209999,113.330002,0,0
16967552,-4.809574,4.350152,-3.096312,1786160640,162.820007,91.419998,109.620003,0,0
16987520,-5.656632,3.471986,-2.924029,1786177664,40.110001,106.82,97.580002,0,0
17007488,-6.987042,2.038685,-1.837688,1786197760,-93.660004,108.010002,96.949997,0,0
17027456,-8.362915,0.452243,-0.904487,1786217728,-151.619995,114.169998,71.610001,0,0
17048320,-9.712467,-0.744168,-0.48335,1786237696,-147.979996,108.5,42.98,0,0
17067392,-11.272588,-1.79701,0.179462,1786258560,-129.639999,99.470001,38.150002,0,0
17087488,-14.065011,-3.113062,-0.122034,1786277632,-118.580002,113.190002,47.389999,0,0
17107456,-18.329021,-4.563113,1.962115,1786297600,-96.040001,126.279999,53.830002,0,0
17127424,-17.986849,-5.414958,3.471986,1786317696,-46.970001,151.759995,67.620003,0,0
17148288,-14.577076,-4.34058,4.900501,1786337664,43.259998,156.169998,89.459999,0,0
17167360,-12.746566,-2.581856,4.704289,1786358528,149.940002,135.380005,103.459999,0,0
17187328,-13.198811,-0.452243,3.058028,1786377600,249.690002,139.860001,101.779999,0,0
17207296,-13.344771,2.423929,0.306281,1786397568,302.959991,137.690002,69.370003,0,0
17227392,-12.179466,4.022335,-2.26361,1786417536,288.119995,108.919998,37.380001,0,0
17248256,-10.293922,4.577469,-2.828316,1786437632,217.139999,46.759998,2.87,0,0
17267328,-8.925228,4.383651,-1.442872,1786458496,100.099998,-20.93,-27.65,0,0
17287296,-8.796017,3.59402,-0.021535,1786477568,-17.710001,-56.420002,-48.650002,0,0
17307264,-8.688338,1.959722,1.225125,1786497536,-99.120003,-67.129997,-69.720001,0,0
17327360,-8.075776,-0.215354,3.211168,1786517504,-147.419998,-79.379997,-82.529999,0,0
17349376,-7.202396,-2.333002,5.051248,1786537600,-169.610001,-99.82,-87.080002,0,0
17367680,-7.377072,-3.194418,5.481956,1786559616,-142.029999,-97.580002,-78.050003,0,0
17387776,-7.982457,-2.256432,4.460221,1786577920,-63.279999,-71.68,-52.220001,0,0
17407744,-7.192825,-1.112662,2.833102,1786598016,29.469999,-57.610001,-30.59,0,0
17427712,-6.013163,-0.167498,1.615155,1786617984,97.160004,-60.689999,-14.14,0,0
17448960,-5.788238,0.70349,1.115055,1786637824,126.139999,-59.57,3.71,0,0
17467904,-6.987042,1.349552,-0.751346,1786659200,131.180008,-49.349998,11.48,0,0
17488000,-11.454442,1.251446,-0.425922,1786678144,120.330002,-30.52,10.57,0,0
17508096,-23.196022,0.595813,0.691526,1786698112,94.290001,9.73,13.79,0,0
17527936,-24.026331,-1.871187,-3.318845,1786718336,63.490002,71.120003,37.52,0,0
17548672,-15.002998,-2.624927,-3.663411,1786738176,44.310001,17.01,52.43,0,0
17569024,-12.399607,-2.29711,-5.503492,1786758912,-9.52,-134.190002,71.330002,0,0
17588992,-13.153346,0.088534,-6.101698,1786779264,-59.709999,-139.229996,72.590004,0,0
17609088,-12.236896,3.323631,-4.197011,1786799232,-120.68,-115.43,29.75,0,0
17629056,-9.894321,4.070191,-1.667797,1786819328,-162.539993,-134.330002,-43.540001,0,0
17649920,-7.386643,3.134598,-0.009571,1786839168,-156.309998,-146.369995,-100.169998,0,0
17668992,-6.45105,1.117448,0.5001,1786860160,-122.57,-125.93,-115.010002,0,0
17688960,-6.630512,-1.012164,0.533599,1786879104,-83.090004,-79.379997,-122.220001,0,0
17709056,-6.91765,-2.574677,0.882952,1786899200,-66.57,-30.450001,-113.330002,0,0
17728896,-6.309873,-3.041277,1.677369,1786919296,-58.66,8.89,-78.75,0,0
17749888,-5.723632,-2.502892,2.388037,1786939136,-43.470001,31.290001,-29.82,0,0
17768960,-5.833702,-1.363909,2.15354,1786960128,-10.36,50.540001,20.370001,1847128704,1009.169983
17788928,-6.374479,-0.507278,1.222732,1786979072,28.700001,77.279999,62.369999,0,0
17808896,-6.4343,-0.16989,0.380459,1786999168,55.299999,88.340004,86.099998,0,0
17828864,-6.474977,-0.01675,0.066999,1787019136,65.379997,80.080002,98.489998,0,0
17849856,-6.793223,0.074178,-0.205783,1787039104,60.27,65.660004,100.870003,0,0
17868800,-7.982457,0.071785,-0.526421,1787060096,48.93,59.639999,99.540001,0,0
17888768,-10.030712,-0.078963,-0.849452,1787079040,31.360001,65.660004,91.419998,0,0
17908864,-12.940384,-0.571885,-0.842274,1787099008,8.26,73.849998,76.580002,0,0
17928832,-15.821342,-1.366302,-0.923629,1787119104,-18.690001,78.120003,62.09,0,0
17951744,-18.089739,-2.311467,1.418944,1787139072,-44.310001,70.279999,49.77,0,0
17968768,-16.328621,-3.524628,4.476971,1787161984,-58.310001,68.809998,37.939999,0,0
17988736,-12.129218,-3.282953,5.728417,1787179008,-33.32,68.809998,26.950001,0,0
18008832,-10.657632,-1.969293,4.701896,1787198976,35.700001,61.459999,20.440001,0,0
18028800,-12.052648,-0.270389,3.172883,1787219072,133.699997,76.93,2.03,0,0
18049664,-13.390236,1.761117,0.344566,1787239040,214.339996,87.080002,-24.08,0,0
18068736,-12.930815,4.402793,-2.167897,1787259904,254.100006,76.93,-38.779999,0,0
18088704,-10.241282,4.867002,-2.979064,1787278976,226.169998,30.17,-45.360001,0,0
18108800,-7.647461,4.139583,-2.522035,1787298944,132.720001,-47.389999,-51.66,0,0
18128768,-6.597012,2.667997,-1.210768,1787319040,7,-96.459999,-54.459999,0,0
18149632,-6.838687,1.069592,0.655633,1787338880,-106.260002,-98.559998,-56.630001,0,0
18168704,-7.211967,-0.114855,2.672783,1787359872,-183.75,-79.449997,-63.630001,0,0
18188672,-6.776474,-0.600598,3.754339,1787378944,-210.139999,-67.480003,-66.220001,0,0
18208768,-6.364908,-0.62692,3.682554,1787398912,-166.949997,-62.720001,-51.310001,0,0
18228608,-6.551548,-0.480957,2.833102,1787418880,-72.379997,-54.670002,-32.130001,0,0
18249600,-7.195218,-0.133998,1.737189,1787438848,26.32,-39.41,-4.9,0,0
18268672,-8.037491,0.246461,0.76331,1787459840,88.129997,-18.27,24.92,0,0
18288640,-8.786445,0.488136,-0.057428,1787478912,107.590004,0.77,43.400002,0,0
18308608,-8.889337,0.892523,-0.239282,1787498880,106.82,5.67,49.560001,0,0
18328576,-9.059227,1.146162,-0.002393,1787518848,89.879997,5.11,56.209999,0,0
18349440,-9.846465,1.150948,-0.160319,1787538816,65.239998,-4.2,58.59,0,0
18368512,-10.604989,1.105484,-0.102891,1787559680,35.490002,-6.09,54.599998,0,0
18388608,-12.500106,0.923629,-1.538585,1787578752,4.97,-0.7,47.810001,0,0
18408448,-16.311872,0.882952,-1.22034,1787598720,-22.26,1.4,41.23,0,0
18428544,-17.828922,0.138784,-1.311267,1787618688,-45.639999,8.75,37.939999,0,0
18449408,-13.88555,-0.184247,-0.789631,1787638656,-59.920002,-4.27,36.540001,0,0
18468480,-10.664811,0.256032,-1.136591,1787659648,-71.330002,-62.860001,25.34,0,0
18488448,-10.703095,1.119841,-1.557728,1787678720,-74.690002,-78.470001,22.120001,0,0
18508416,-12.818351,2.380858,-0.894916,1787698688,-80.849998,-48.650002,4.76,0,0
18528384,-14.041083,2.804388,0.155533,1787718656,-93.870003,-25.059999,-23.030001,0,0
18549376,-12.842279,1.866402,1.318445,1787738624,-90.370003,-23.799999,-40.32,0,0
18568448,-10.303494,0.679562,1.591227,1787759488,-83.93,-30.73,-38.360001,0,0
18588416,-7.817351,0.437887,2.632105,1787778688,-80.5,-36.75,-27.440001,0,0
18608384,-6.003592,0.806381,3.87398,1787798656,-79.029999,-34.720001,-6.3,0,0
18628352,-5.386244,1.261017,3.976871,1787818624,-67.340004,-25.200001,13.3,0,0
18649216,-5.946165,1.694118,3.797409,1787838592,-42.560001,-5.04,24.57,0,0
18668416,-6.836295,1.744368,2.962314,1787859456,-16.870001,8.82,33.810001,0,0
18688384,-7.609176,1.366302,1.954936,1787878528,3.92,11.97,49.139999,0,0
18708352,-8.080563,1.115055,0.734596,1787898624,9.17,4.97,65.099998,0,0
18728320,-8.303094,1.045663,0.119641,1787918592,9.17,-8.12,73.779999,0,0
18749184,-8.537591,0.923629,0.399601,1787959424,-62.299999,-38.150002,69.300003,1848128000,1009.200989
18768256,-8.193025,0.454636,1.354338,0,0,0,0,0,0
18788224,-7.164111,0.454636,2.639283,1787978496,-104.93,-47.599998,58.029999,0,0
18808320,-6.125626,-0.18664,2.931208,1787998464,-127.959999,-58.869999,42.98,0,0
18828288,-5.99402,-0.57667,2.493321,1788018432,-124.32,-60.48,32.34,0,0
18849280,-7.125826,-1.201197,0.078963,1788038528,-114.029999,-46.830002,25.34,0,0
18868224,-11.021341,-2.132005,-1.691726,1788059520,-111.720001,-27.16,18.969999,0,0
18888192,-17.168503,-2.964707,-1.378266,1788078464,-119.770004,11.62,12.6,0,0
18908160,-16.53919,-3.993621,1.847259,1788098432,-130.479996,51.799999,16.450001,0,0
18928256,-10.145569,-3.589234,6.838687,1788118400,-121.449997,11.9,10.36,0,0
18951040,-7.389036,-2.76371,8.283953,1788138368,-73.220001,-7.07,24.43,0,0
18968192,-9.181261,-0.447458,7.79103,1788161280,38.639999,55.510002,24.219999,0,0
18988160,-11.040483,1.112662,5.190032,1788178432,141.75,100.169998,-7.42,0,0
19008128,-11.251052,1.682154,1.782653,1788198400,209.789993,105.559998,-25.200001,0,0
19028096,-10.822738,2.385644,0.294317,1788218368,228.619995,78.120003,-45.080002,0,0
19049088,-9.669396,2.866602,-0.27996,1788238336,190.330002,35.77,-63.630001,0,0
19068160,-7.877172,3.553342,0.468993,1788259328,130.339996,-13.16,-67.620003,0,0
19088128,-6.257231,3.988836,2.610569,1788278400,59.849998,-53.689999,-70.07,0,0
19108096,-5.139783,3.180061,3.940979,1788298368,-1.96,-67.620003,-69.720001,0,0
19128064,-4.843073,1.603191,4.766503,1788318336,-46.619999,-57.119999,-73.360001,0,0
19149056,-5.410172,-0.244068,4.503292,1788338304,-82.389999,-39.41,-77.209999,0,0
19168128,-6.74776,-1.411765,4.158726,1788359168,-83.510002,-13.72,-66.010002,0,0
19188096,-8.283953,-1.634298,3.85723,1788378240,-49.560001,15.96,-43.119999,0,0
19208064,-8.79123,-1.0002,3.661019,1788398336,7.56,35.209999,-20.790001,0,0
19228032,-7.881958,-0.059821,2.768496,1788418304,66.57,34.299999,0.63,0,0
19248896,-7.276574,0.526421,1.615155,1788438272,105,23.799999,17.08,0,0
19267968,-8.188239,0.677169,0.485743,1788459136,111.300003,22.82,22.75,0,0
19288064,-9.975677,0.294317,-1.325624,1788478208,93.940002,33.32,21.84,0,0
19308032,-13.722836,-0.059821,-2.096112,1788498176,64.610001,44.939999,18.620001,0,0
19328000,-19.094725,-0.547956,-0.442672,1788518272,22.68,51.939999,13.58,0,0
19348864,-18.510876,-1.694118,0.734596,1788538240,-23.379999,59.360001,18.27,0,0
19368064,-14.589039,-1.864009,0.114855,1788559104,-54.810001,22.75,22.4,0,0
19388800,-13.653446,-1.418944,-0.993021,1788578304,-67.199997,-9.38,22.610001,0,0
19408000,-13.830515,-0.413958,-0.751346,1788598912,-72.449997,4.83,7.84,0,0
19427968,-13.344771,0.832702,0.375673,1788618240,-80.220001,13.93,-26.110001,0,0
19448832,-12.873385,2.218147,0.990629,1788638208,-58.52,7,-63.349998,0,0
19468032,-11.856436,3.17049,0.660419,1788659072,-8.26,6.51,-81.620003,0,0
19488000,-9.652647,2.799603,0.55992,1788678272,25.48,3.22,-82.389999,0,0
19507968,-7.415358,1.902294,1.354338,1788698240,22.33,-12.74,-76.790001,0,0
19528064,-5.615955,0.4666,2.880959,1788718208,-8.4,-23.379999,-63.560001,0,0
19548800,-4.737789,-0.42353,3.314059,1788738176,-37.52,-13.51,-34.580002,0,0
19568000,-5.295317,0.454636,2.868994,1788759040,-36.400002,15.82,-2.1,0,0
19587968,-6.388836,1.895115,1.871187,1788778240,-3.5,36.119999,28.49,0,0
19607936,-6.565905,2.672783,1.038485,1788798208,31.57,41.509998,52.779999,0,0
19627904,-6.628119,2.682354,0.349352,1788818176,36.470001,31.57,71.959999,0,0
19648768,-6.958328,1.962115,-0.256032,1788838144,11.48,17.57,77.629997,0,0
19667840,-7.310073,0.976272,-0.660419,1788859008,-32.200001,13.23,75.32,0,0
19687936,-7.690532,0.059821,-0.547956,1788878080,-78.75,6.44,67.760002,0,0
19707776,-7.874779,-0.696311,-0.248854,1788898176,-115.43,0.56,58.240002,0,0
19727872,-8.60459,-1.337588,-0.050249,1788918016,-138.809998,-5.53,52.150002,0,0
19748736,-10.135997,-1.765903,0.294317,1788958976,-138.460007,16.17,53.970001,1849127552,1009.232727
19768832,-12.387643,-2.036292,-0.040678,0,0,0,0,0,0
19788672,-17.280964,-2.778067,1.629512,1788978944,-119.840004,34.369999,61.880001,0,0
19808768,-21.037695,-5.606383,4.548756,1788998912,-92.610001,68.739998,79.029999,0,0
19828736,-15.096318,-7.740781,6.235696,1789018880,-43.330002,115.150002,106.75,0,0
19849600,-9.640682,-6.611369,6.783652,1789038976,47.740002,112.559998,125.370003,0,0
19869184,-9.822537,-3.237489,4.45065,1789059840,174.649994,103.669998,137.619995,0,0
19889024,-12.665211,1.651048,-1.538585,1789079296,329.209991,113.82,117.669998,0,0
19908992,-13.722836,7.204789,-7.89153,1789099264,439.809998,106.68,84.419998,0,0
19929088,-10.810772,7.69771,-8.042276,1789119232,409.360016,75.389999,54.110001,0,0
19951872,-7.24786,5.47717,-4.627719,1789139328,213.710007,-44.029999,15.12,0,0
19969536,-5.9342,2.861816,-0.583849,1789162112,-7.84,-126.910004,-7.21,0,0
19989376,-5.845665,0.76331,3.196811,1789179648,-128.940002,-126.279999,-30.66,0,0
20009344,-6.955935,-0.468993,3.553342,1789199616,-166.320007,-95.620003,-52.290001,0,0
20029440,-7.458428,-0.478565,3.199204,1789219584,-121.309998,-67.900002,-57.889999,0,0
20050304,-6.24766,-0.648455,2.847459,1789239680,-42.139999,-63.209999,-45.360001,0,0
20069248,-5.876772,-0.914058,2.498107,1789260416,23.1,-53.27,-17.85,0,0
20090496,-7.245467,-0.684347,1.868794,1789279488,59.290001,-23.59,-0.63,0,0
20110464,-8.312666,-0.480957,0.892523,1789300736,86.449997,9.45,3.43,0,0
20130560,-8.377272,-0.641276,1.414158,1789320704,113.470001,11.34,2.94,0,0
20151424,-8.039884,-0.971486,4.197011,1789340800,131.320007,-6.02,2.38,0,0
20170496,-8.085347,-1.306481,7.4345,1789361536,153.649994,-9.31,4.06,0,0
20190464,-11.523834,1.064806,5.592027,1789380736,216.300003,-13.3,11.62,0,0
20210432,-14.352149,2.931208,0.356531,1789400704,300.230011,-2.1,33.950001,0,0
20230528,-22.937597,3.907479,-1.646262,1789420672,287.209991,-5.39,56.209999,0,0
20251264,-26.155945,0.705883,-3.498307,1789440768,156.169998,42.490002,51.939999,0,0
20270464,-17.871992,-4.067799,-2.148755,1789461504,-8.4,-12.18,56.700001,0,0
20290816,-16.498512,-5.898308,-3.59402,1789480704,-125.510002,-191.169998,48.369999,0,0
20310400,-18.010777,-2.289931,-3.720839,1789501056,-136.5,-201.320007,29.049999,0,0
20330496,-17.187645,2.021935,-3.462414,1789520640,-112.419998,-204.470001,-15.68,0,0
20351232,-15.117853,4.051049,-5.015356,1789540736,-68.25,-252.210007,-81.900002,0,0
20370432,-12.047862,5.118248,-6.932007,1789561472,-49.349998,-283.779999,-140.419998,0,0
20390272,-8.863015,6.195018,-6.503692,1789580672,-81.340004,-273.140015,-195.509995,0,0
20410240,-4.864608,5.766702,-2.971886,1789600512,-145.529999,-261.660004,-253.330002,0,0
20430208,-1.229911,3.266203,-1.06002,1789620480,-177.240005,-237.509995,-267.75,0,0
20451200,-3.254239,-2.507678,-0.155533,1789640448,-167.440002,-199.570007,-275.730011,0,0
20470272,-5.730811,-3.376273,0.62692,1789661440,-116.059998,-138.669998,-227.220001,0,0
20490240,-5.991628,3.125026,-1.007378,1789680512,-13.65,-40.25,-32.830002,0,0
20510208,-2.624927,7.278966,-1.050449,1789700480,110.949997,23.799999,59.080002,0,0
20530176,-3.823731,6.632904,-1.31366,1789720448,139.089996,65.449997,126.349998,0,0
20551040,-5.426922,4.328616,-1.935793,1789740416,66.220001,127.610001,111.160004,0,0
20570112,-6.049056,3.165704,-1.548156,1789761280,-31.710001,163.660004,112.980003,0,0
20590208,-7.109076,1.617548,-0.981057,1789780352,-96.25,164.149994,113.050003,0,0
20610176,-8.587841,-0.177069,-0.945165,1789800448,-99.959999,167.930008,89.040001,0,0
20630144,-9.903893,-1.318445,-1.117448,1789820416,-76.160004,175.630005,77.559998,0,0
20651008,-10.358529,-1.734797,-1.540978,1789840384,-38.220001,179.479996,87.5,0,0
20670080,-10.334601,-1.507478,-2.134398,1789861248,13.02,169.539993,97.019997,0,0
20690048,-11.093125,-0.914058,-2.555535,1789880320,55.580002,155.75,98.209999,0,0
20710144,-14.349757,-0.488136,-4.082155,1789900288,70.769997,162.259995,98.629997,0,0
20730112,-22.877777,0.100499,-3.378666,1789920256,59.990002,181.789993,93.379997,0,0
20750976,-22.573889,-1.639083,-2.18704,1789940352,24.01,225.050003,85.540001,0,0
20770048,-16.211372,-3.005385,1.368695,1789961216,-25.83,194.039993,73.989998,1850129792,1009.263916
20790016,-15.543776,-3.95055,2.885744,1789980288,-57.049999,156.940002,85.470001,0,0
20809984,-17.927027,-2.940779,3.895515,1790000256,-90.720001,143.430008,85.68,0,0
20830080,-16.656439,-0.729811,3.443272,1790020224,-75.739998,195.369995,65.870003,0,0
20850944,-13.502698,0.370888,2.266003,1790040192,-22.33,209.229996,39.41,0,0
20870016,-12.208181,0.394816,1.710868,1790061184,44.799999,159.809998,16.870001,0,0
20889984,-10.528419,0.51685,0.148355,1790080256,82.459999,107.029999,-8.12,0,0
20909952,-10.042676,0.748954,-0.342174,1790100224,74.690002,69.230003,-39.200001,0,0
20929920,-9.798609,1.261017,0.392423,1790120192,45.290001,41.790001,-63.279999,0,0
20952832,-9.401401,1.26341,2.050649,1790140160,8.05,17.5,-77.840004,0,0
20969984,-8.327023,0.086142,2.852244,1790163072,-32.619999,-6.02,-82.879997,0,0
20989952,-7.360322,-1.160519,3.59402,1790180224,-60.970001,-32.689999,-82.809998,0,0
21009920,-6.843473,-1.837688,4.206582,1790200192,-69.370003,-49.91,-81.059998,0,0
21029888,-6.82433,-1.505085,5.120641,1790220160,-46.759998,-57.049999,-69.440002,0,0
21050880,-7.769495,-0.334995,4.455436,1790240128,-3.43,-55.650002,-51.310001,0,0
21069952,-8.204988,0.270389,2.880959,1790260992,38.779999,-52.920002,-34.790001,0,0
21089920,-8.260024,0.440279,1.524228,1790280064,53.060001,-63.279999,-24.99,0,0
21109888,-8.946764,0.701097,0.069392,1790300160,41.580002,-79.169998,-17.85,0,0
21129856,-11.059627,0.89013,-2.103291,1790320128,20.370001,-81.900002,-9.45,0,0
21150720,-16.354942,0.612563,-1.864009,1790340096,-7.14,-64.82,2.24,0,0
21169792,-21.13341,-1.447658,-2.457429,1790360960,-38.080002,-30.450001,12.95,0,0
21189888,-18.494125,-4.180261,0.01675,1790380032,-61.110001,-60.900002,10.29,0,0
21209856,-16.266409,-5.927022,0.732204,1790400000,-77.489998,-147.139999,12.11,0,0
21229824,-17.345572,-4.725825,-0.42353,1790420096,-55.510002,-157.990005,25.48,0,0
21250688,-16.984255,-1.598405,-1.701297,1790440064,-3.01,-124.110001,9.8,0,0
21269760,-15.139388,0.394816,-2.495714,1790460928,70.139999,-128.309998,-20.370001,0,0
21289728,-13.107882,1.12702,-2.24686,1790480000,138.600006,-137.759995,-43.400002,0,0
21309824,-10.894521,0.961915,-1.885544,1790499968,178.779999,-132.300003,-56.349998,0,0
21329792,-8.671589,0.457029,-1.418944,1790519936,180.740005,-137.619995,-76.440002,0,0
21350656,-6.963113,0.090927,-1.052842,1790540032,148.330002,-148.190002,-94.220001,0,0
21369728,-6.56112,0.952343,-1.237089,1790560896,92.82,-149.240005,-100.870003,0,0
21389824,-6.309873,1.40698,-2.605784,1790579968,25.200001,-130.690002,-94.709999,0,0
21409792,-5.776274,1.868794,-2.507678,1790599936,-36.959999,-104.720001,-77.139999,0,0
21429760,-4.797609,1.89033,-3.957729,1790620032,-95.129997,-112.489998,-63.77,0,0
21451392,-4.206582,0.433101,-6.991827,1790640000,-124.110001,-130.830002,-38.080002,0,0
21469696,-4.835894,-0.461815,-6.829116,1790661632,-143.5,-130.339996,-1.05,0,0
21489792,-5.393422,-0.90688,-6.98465,1790679936,-202.089996,-118.160004,10.99,0,0
21509888,-5.036892,-1.158126,-5.778666,1790700032,-258.160004,-114.800003,8.4,0,0
21529728,-4.704289,-0.772882,-2.912065,1790720128,-282.589996,-123.129997,12.6,0,0
21550592,-5.852845,-0.327817,0.452243,1790739968,-278.390015,-111.160004,13.58,0,0
21569664,-8.334201,-0.535992,2.155933,1790760832,-242.970001,-65.940002,11.97,0,0
21589760,-9.671788,-1.122234,1.624727,1790779904,-170.660004,-0.84,21.91,0,0
21609728,-10.743774,-1.409373,0.655633,1790800000,-84.910004,75.529999,52.779999,0,0
21629696,-14.591432,-2.143969,-0.866202,1790819968,-16.799999,146.649994,88.059998,0,0
21650560,-18.527626,-4.113262,-2.754139,1790839936,25.34,228.199997,130.479996,0,0
21669632,-19.259829,-6.673582,2.859423,1790860800,46.830002,322.420013,177.729996,0,0
21689728,-20.307888,-10.526026,8.590233,1790879872,80.360001,359.730011,224.559998,0,0
21709696,-19.424934,-11.870793,5.242674,1790899840,174.720001,385.839996,280.910004,0,0
21729664,-17.536997,-5.012963,-3.333202,1790919936,371.910004,427.980011,327.110016,0,0
21750528,-15.821342,3.299703,-8.38445,1790960768,518.630005,210.139999,207.479996,1851129344,1009.298584
21769600,-11.712867,8.595018,-4.773681,0,0,0,0,0,0
21790464,-8.757731,4.941179,-2.043471,1790979840,258.790009,57.049999,148.960007,0,0
21810432,-7.334002,2.912065,-0.035892,1791000704,49.91,-20.440001,61.670002,0,0
21830400,-7.056434,3.68734,0.81356,1791020672,-37.66,-47.32,-20.370001,0,0
21851392,-6.398407,4.517649,0.617348,1791040640,-47.950001,-43.400002,-47.529999,0,0
21870464,-6.118448,3.359523,0.655633,1791061632,-42.209999,-43.82,-60.549999,0,0
21890816,-6.348158,1.909473,2.096112,1791080704,-70.209999,-55.650002,-107.309998,0,0
21910784,-6.675975,-0.265603,4.31426,1791101056,-122.5,-72.309998,-126.349998,0,0
21930752,-7.446464,-3.081956,5.647062,1791121024,-168.279999,-86.449997,-118.510002,0,0
21953664,-8.01117,-5.134997,5.783452,1791140992,-189,-86.519997,-105.840004,0,0
21970816,-7.925028,-5.735595,5.091926,1791163904,-180.320007,-82.949997,-74.620003,0,0
21991168,-7.831708,-4.969893,4.098906,1791180928,-144.130005,-68.879997,-30.940001,0,0
22011136,-8.023134,-3.955336,2.790031,1791201408,-79.590004,-47.25,4.97,0,0
22031104,-8.822337,-2.447858,2.208575,1791221376,7.77,-38.150002,31.780001,0,0
22052096,-10.533205,-1.028914,1.232304,1791241344,84.07,-32.619999,53.970001,0,0
22071040,-13.708481,-0.284746,-1.916651,1791262336,137.339996,-18.83,74.690002,0,0
22091008,-21.719652,0.189033,-2.828316,1791281280,144.550003,1.68,77.769997,0,0
22112256,-29.127829,-1.167697,-1.495514,1791301120,74.830002,22.190001,49,0,0
22132224,-21.310478,-3.505485,-1.471586,1791322368,-69.93,-13.79,-18.549999,0,0
22153216,-14.938391,-5.376673,-3.65384,1791342464,-307.299988,-163.029999,-102.970001,0,0
22172160,-12.078968,-8.463413,0.89013,1791363328,-511.910004,-259.070007,-235.270004,0,0
22192256,-12.703495,-12.672389,4.778467,1791382400,-573.859985,-260.26001,-326.76001,0,0
22212096,-15.093925,-13.543377,2.651247,1791402496,-395.5,-155.050003,-373.100006,0,0
22232192,-16.000805,-11.358729,1.440479,1791422336,-78.120003,-24.780001,-355.670013,0,0
22253056,-14.323436,-10.648061,1.59362,1791442304,155.050003,-23.940001,-312.059998,0,0
22272128,-12.748959,-9.640682,2.347359,1791463296,277.829987,-75.040001,-276.5,0,0
22292224,-10.851451,-8.889337,1.852045,1791482368,333.339996,-127.540001,-236.740005,0,0
22312064,-8.91805,-6.630512,0.717847,1791502336,386.190002,-157.850006,-178.990005,0,0
22332160,-8.472985,-3.436093,-0.42353,1791522304,437.98999,-166.25,-102.970001,0,0
22353024,-7.743174,-0.940379,-1.502693,1791542272,446.390015,-175.630005,-64.330002,0,0
22372096,-6.427122,0.308674,-0.861416,1791563264,411.110016,-186.550003,-34.93,0,0
22392192,-5.486742,-0.179462,0.926022,1791582336,339.709991,-202.930008,-17.15,0,0
22412032,-5.4341,-1.473979,2.132005,1791602432,263.200012,-206.220001,-24.92,0,0
22432000,-6.12084,-1.875973,2.48375,1791622272,210.979996,-187.25,-36.259998,0,0
22452864,-5.941379,-2.261217,3.23031,1791642240,184.449997,-164.990005,-33.529999,0,0
22471936,-5.398208,-1.952543,3.302095,1791663104,177.869995,-157.009995,-24.219999,0,0
22491904,-4.685147,-0.698704,2.766103,1791682176,193.830002,-154.630005,-14.21,0,0
22512000,-3.39063,0.789631,2.823531,1791702144,203.350006,-156.589996,-10.85,0,0
22531968,-1.777867,0.679562,4.371687,1791722112,173.809998,-156.240005,-3.78,0,0
22552832,-0.90688,0.370888,5.065606,1791742208,137.130005,-152.460007,2.45,0,0
22571904,-0.184247,1.292124,6.180661,1791763072,119.419998,-134.820007,1.26,0,0
22591872,1.765903,2.854637,6.484549,1791782144,101.849998,-116.270004,6.51,0,0
22611840,3.766303,3.823731,8.243275,1791802112,56.77,-100.870003,15.75,0,0
22631936,4.223332,2.926422,9.829715,1791822080,17.01,-88.620003,10.99,0,0
22652800,2.770889,2.488536,10.861022,1791842048,0.14,-52.43,3.64,0,0
22671872,1.351945,3.022135,11.076375,1791863040,-9.45,-4.83,10.08,0,0
22691840,0.882952,4.089334,11.188839,1791882112,0.14,19.67,6.09,0,0
22711808,0.729811,4.979464,10.425529,1791902080,20.58,23.030001,-3.99,0,0
22731776,0.923629,5.187639,9.095119,1791922048,38.57,22.469999,-10.08,0,0
22752768,1.261017,5.374279,8.597411,1791963008,47.040001,-2.59,-33.599998,1852131584,1009.328491
22771840,1.646262,5.419744,8.537591,0,0,0,0,0,0
22791808,1.591227,5.245068,8.166703,1791982080,45.920002,-14.14,-33.880001,0,0
22811776,1.710868,4.61097,6.78126,1792002048,56.07,-16.52,-26.25,0,0
22831744,1.349552,4.079762,6.113662,1792022016,83.300003,-18.83,-15.75,0,0
22852608,0.595813,4.496114,5.87438,1792041984,109.690002,-21.07,-14.7,0,0
22871808,0.124427,5.32403,5.592027,1792062848,119.910004,-16.52,-10.57,0,0
22891776,0.468993,5.12782,5.860023,1792081920,98.489998,-14.42,4.62,0,0
22911744,1.284946,3.830909,6.072984,1792102016,59.5,-23.379999,15.4,0,0
22931712,2.160719,4.185047,6.439085,1792121984,56.349998,-35,18.200001,0,0
22954624,2.629712,5.383851,5.656632,1792141952,81.199997,-37.59,19.040001,0,0
22971648,2.761317,6.168696,5.448457,1792164736,94.779999,-31.290001,18.83,0,0
22991744,1.976472,6.924829,6.996613,1792181888,73.57,-30.17,14.84,0,0
23011712,1.055235,6.958328,8.149954,1792201856,23.309999,-21.629999,10.15,0,0
23031680,1.332802,6.534799,7.965706,1792221952,-23.309999,-15.05,20.299999,0,0
23052544,2.160719,6.07777,7.628319,1792241920,-70.840004,-22.26,34.299999,0,0
23071616,4.632504,9.052048,7.788638,1792262784,-132.509995,-24.710001,40.950001,0,0
23091584,4.106083,3.692125,11.487941,1792281856,-164.779999,-28.559999,44.170002,0,0
23111680,4.663611,2.165504,13.256237,1792301824,-251.720001,-17.639999,-0.7,0,0
23131648,3.821337,1.485943,13.634303,1792321792,-230.089996,-1.47,39.830002,0,0
23152512,2.95035,2.813959,13.746766,1792341888,-116.059998,17.639999,20.860001,0,0
23171584,3.081956,4.048656,12.220145,1792362752,-11.9,21.49,1.19,0,0
23191552,3.287738,4.041477,11.330014,1792381824,34.790001,23.030001,16.73,0,0
23211520,2.979064,4.141976,10.399208,1792401792,28.49,28.49,32.689999,0,0
23231616,2.311467,4.283153,9.016156,1792421760,43.959999,34.860001,40.459999,0,0
23252480,1.622334,4.338188,7.685746,1792441728,74.830002,43.82,46.970001,0,0
23271552,0.997807,4.168297,6.881758,1792462720,80.639999,47.529999,48.299999,0,0
23291520,0.571885,3.57727,6.458229,1792481792,69.93,49.139999,42.139999,0,0
23311488,0.641276,3.48395,6.180661,1792501760,58.240002,39.48,26.32,0,0
23331456,1.442872,3.689733,5.850451,1792521728,64.68,18.620001,3.57,0,0
23352448,2.423929,4.936393,5.79063,1792541696,86.730003,-2.17,-1.82,0,0
23371520,2.383251,5.187639,6.001199,1792562560,91.07,-4.83,7.35,0,0
23391488,2.524428,4.682754,6.903293,1792581760,64.610001,7.98,9.94,0,0
23411456,2.792424,4.441079,7.982457,1792601728,29.049999,16.309999,24.15,0,0
23431424,2.87378,4.718646,8.303094,1792621696,20.51,17.08,32.549999,0,0
23452416,2.770889,5.465207,8.523234,1792641664,42.560001,18.129999,31.15,0,0
23472128,2.648855,6.285945,8.628519,1792662656,55.790001,19.67,29.68,0,0
23491456,2.574677,6.597012,8.193025,1792682368,52.080002,19.110001,37.66,0,0
23511552,2.519642,6.180661,7.664211,1792701696,32.970001,16.1,44.52,0,0
23531520,2.256432,6.015556,8.690732,1792721664,-4.06,12.88,45.220001,0,0
23552384,1.287339,5.058427,10.207782,1792741760,-47.389999,14.14,32.200001,0,0
23571456,0.141177,4.589434,10.612168,1792762496,-70.07,22.68,20.16,0,0
23591424,-0.282353,4.656433,10.284351,1792781696,-54.18,35.209999,18.620001,0,0
23611392,0.193819,4.359723,9.767502,1792801664,-17.780001,34.860001,35.560001,0,0
23631488,-0.476172,4.048656,9.533006,1792821632,17.43,37.66,71.540001,0,0
23652224,-1.445265,4.074977,8.872586,1792841600,42.490002,50.889999,78.610001,0,0
23671424,-1.56012,4.666004,7.659425,1792862464,57.470001,59.43,80.919998,0,0
23691392,-0.086142,4.541577,7.130611,1792881664,72.800003,51.799999,86.590004,0,0
23711360,0.777667,4.931608,6.630512,1792901632,77.139999,47.950001,87.849998,0,0
23731456,0.509671,4.668397,6.821937,1792921600,38.009998,58.52,81.059998,0,0
23752192,0.689133,4.838287,7.482357,1792962432,2.52,51.73,44.240002,1853131008,1009.356262
23771392,0.504886,5.481956,7.915457,0,0,0,0,0,0
23791232,0.894916,5.151747,7.984849,1792981632,2.87,42.209999,35.77,0,0
