 Acc_timestamp,Accx,Accy,Accz,Gyro_timestamp,Gyrox,Gyroy,Gyroz,Baro_timestamp,Pressure_Reading
 46875648.000000, 0.775275 , 3.512664, 8.628519, 0.000000, 0.000000,  0.000000,  0.000000, 0.000000,  0.000000
 19968.000000, 0.717847 , 3.337988, 8.779266, 0.000000, 0.000000,  0.000000,  0.000000, 0.000000,  0.000000
 40960.000000, 1.191626 , 3.431308, 8.796017, 0.000000, 0.000000,  0.000000,  0.000000, 0.000000,  0.000000 
 60416.000000, 1.062413 , 3.591627, 8.848659, 6931895296.000000, 10.990000,  -13.230000,  19.250000, 0.000000,  0.000000 
 80384.000000, 0.679562 , 3.570091, 8.752945, 6931914752.000000, 10.990000,  -13.230000,  19.250000, 0.000000,  0.000000 
 100352.000000, 0.842274 , 3.507878, 8.874979, 6931935232.000000, -5.250000,  11.480000,  -3.150000, 0.000000,  0.000000 
 120320.000000, 1.016950 , 3.591627, 8.819944, 6931955200.000000, -6.580000,  1.960000,  -12.110000, 0.000000,  0.000000 
 140800.000000, 1.146162 , 3.656233, 8.836694, 6931974656.000000, -6.020000,  -0.980000,  -13.370000, 0.000000,  0.000000 
 160256.000000, 0.985843 , 3.785445, 8.733803, 6931995136.000000, -2.030000,  -0.070000,  -12.880000, 0.000000,  0.000000 
 180736.000000, 1.074377 , 3.828516, 8.860621, 6932014592.000000, -2.170000,  1.890000,  -15.400000, 6932155392.000000,  1011.633545 
 200192.000000, 1.201197 , 3.550949, 9.138189, 6932035072.000000, -4.690000,  0.700000,  -13.230000, 0.000000,  0.000000 
 221184.000000, 1.062413 , 3.393023, 9.131011, 6932055040.000000, -6.370000,  -0.770000,  -10.010000, 0.000000,  0.000000 
 240640.000000, 1.134198 , 3.476771, 9.099905, 6932075520.000000, -4.620000,  -0.140000,  -6.090000, 0.000000,  0.000000 
 260608.000000, 1.296910 , 3.440879, 9.152546, 6932095488.000000, -2.170000,  -0.770000,  -2.170000, 0.000000,  0.000000 
 281088.000000, 1.440479 , 3.067599, 9.339187, 6932115456.000000, -9.100000,  -3.570000,  0.840000, 0.000000,  0.000000 
 300544.000000, 1.258625 , 2.847459, 9.425328, 6932135424.000000, -17.219999,  -3.220000,  4.970000, 0.000000,  0.000000 
 320512.000000, 1.172483 , 2.730211, 9.492328, 6932154880.000000, -20.020000,  0.210000,  7.420000, 0.000000,  0.000000 
 340992.000000, 1.294517 , 2.758924, 9.329616, 6932175360.000000, -16.100000,  1.400000,  9.380000, 0.000000,  0.000000 
 360960.000000, 1.397408 , 2.892922, 9.044869, 6932195840.000000, -11.760000,  0.630000,  10.920000, 0.000000,  0.000000 
 381440.000000, 1.347159 , 2.919244, 8.851050, 6932215808.000000, -10.500000,  2.450000,  10.500000, 0.000000,  0.000000 
 400896.000000, 1.229911 , 2.737389, 8.642875, 6932235776.000000, -14.630000,  4.130000,  8.610000, 0.000000,  0.000000 
 420864.000000, 0.799203 , 2.574677, 8.341379, 6932255232.000000, -21.280001,  5.950000,  5.180000, 0.000000,  0.000000 
 441344.000000, -0.196211 , 2.600998, 7.609176, 6932275712.000000, -23.660000,  10.850000,  1.330000, 0.000000,  0.000000 
 461312.000000, -1.299303 , 2.292324, 5.670990, 6932296192.000000, -21.700001,  20.299999,  1.540000, 0.000000,  0.000000 
 481280.000000, -2.715853 , 1.414158, 3.809374, 6932315648.000000, -25.480000,  34.509998,  8.680000, 0.000000,  0.000000 
 500736.000000, -3.661019 , 0.933201, 2.770889, 6932335616.000000, -54.810001,  54.459999,  15.540000, 0.000000,  0.000000 
 521216.000000, -3.637090 , 0.320638, 2.703890, 6932355584.000000, -118.230003,  70.419998,  19.950001, 0.000000,  0.000000 
 541696.000000, -2.993421 , -1.060020, 3.491128, 6932375552.000000, -179.199997,  66.360001,  21.700001, 0.000000,  0.000000 
 560640.000000, -2.778067 , -2.261217, 4.039084, 6932396032.000000, -220.639999,  68.879997,  35.630001, 0.000000,  0.000000 
 582144.000000, -3.036492 , -2.739782, 3.943372, 6932415488.000000, -220.360001,  94.570000,  40.529999, 0.000000,  0.000000 
 602112.000000, -2.804388 , -1.672583, 3.778267, 6932436992.000000, -187.250000,  122.150002,  39.200001, 0.000000,  0.000000 
 622080.000000, -2.464607 , -0.502493, 2.947958, 6932456448.000000, -155.119995,  147.699997,  51.869999, 0.000000,  0.000000 
 642560.000000, -2.754139 , 0.445065, 2.801995, 6932476416.000000, -138.320007,  170.309998,  63.349998, 0.000000,  0.000000 
 662016.000000, -3.098706 , 0.674776, 3.129812, 6932496896.000000, -149.660004,  188.930008,  69.510002, 0.000000,  0.000000 
 682496.000000, -3.507878 , 0.327817, 3.775874, 6932516352.000000, -166.039993,  197.399994,  78.680000, 0.000000,  0.000000 
 701952.000000, -3.728018 , 0.270389, 3.804588, 6932536832.000000, -177.169998,  194.880005,  89.949997, 0.000000,  0.000000 
 721920.000000, -4.996214 , -0.813560, 6.817152, 6932556288.000000, -168.210007,  196.070007,  119.209999, 0.000000,  0.000000 
 742400.000000, -8.815158 , -2.246860, 8.379664, 6932576768.000000, -172.339996,  200.970001,  140.279999, 0.000000,  0.000000 
 761856.000000, -15.407385 , -5.759524, 8.250452, 6932597248.000000, -203.630005,  218.190002,  153.300003, 0.000000,  0.000000 
 782336.000000, -34.430325 , -8.037491, 7.503892, 6932616704.000000, -195.160004,  244.580002,  191.169998, 0.000000,  0.000000 
 801792.000000, -40.608593 , -12.035898, 8.843873, 6932636672.000000, -167.930008,  277.269989,  225.540009, 0.000000,  0.000000 
 821760.000000, -44.073399 , -20.994625, 10.411172, 6932656640.000000, -141.190002,  206.710007,  237.860001, 0.000000,  0.000000 
 844288.000000, -34.298721 , -27.830921, 12.134004, 6932676608.000000, -336.769989,  206.149994,  175.490005, 0.000000,  0.000000 
 861696.000000, -23.612375 , -23.930620, 10.832308, 6932699136.000000, -338.450012,  174.509995,  114.449997, 0.000000,  0.000000 
 882176.000000, -19.767109 , -11.607583, 7.080362, 6932716544.000000, -51.660000,  142.100006,  73.150002, 0.000000,  0.000000 
 901632.000000, -14.931213 , -2.737389, 3.436093, 6932736512.000000, 227.149994,  108.080002,  42.840000, 0.000000,  0.000000 
 922112.000000, -8.666803 , 1.828116, 4.476971, 6932756480.000000, 252.910004,  56.000000,  61.389999, 0.000000,  0.000000 
 942592.000000, -3.383451 , -0.066999, 6.037091, 6932776448.000000, 115.220001,  -21.070000,  50.119999, 0.000000,  0.000000 
 962048.000000, 0.433101 , -2.024328, 6.549156, 6932796928.000000, -49.000000,  -58.660000,  8.050000, 0.000000,  0.000000 
 982016.000000, 2.600998 , -1.885544, 5.005785, 6932816384.000000, -147.770004,  -53.270000,  -18.059999, 0.000000,  0.000000 
 1001984.000000, 2.878566 , -0.928415, 3.725625, 6932836352.000000, -144.479996,  -25.760000,  -13.510000, 0.000000,  0.000000 
 1021952.000000, 2.840281 , -1.313660, 3.232704, 6932856320.000000, -81.690002,  -0.490000,  -19.950001, 0.000000,  0.000000 
 1042432.000000, 4.275974 , 0.392423, 2.754139, 6932876288.000000, 8.260000,  21.280001,  -30.030001, 0.000000,  0.000000 
 1061888.000000, 7.357929 , 3.369094, 0.777667, 6932896768.000000, 95.760002,  11.550000,  -3.080000, 0.000000,  0.000000 
 1081856.000000, 10.085747 , 3.450450, -1.452443, 6932916224.000000, 168.770004,  -9.590000,  24.500000, 0.000000,  0.000000 
 1101824.000000, 8.707481 , 1.684547, -1.765903, 6932936704.000000, 191.520004,  -16.799999,  27.930000, 0.000000,  0.000000 
 1121792.000000, 5.070391 , -0.284746, -0.361316, 6932956160.000000, 104.230003,  19.250000,  24.290001, 0.000000,  0.000000 
 1142272.000000, 2.155933 , -2.069792, 0.177069, 6932976128.000000, 3.430000,  43.750000,  19.389999, 0.000000,  0.000000 
 1161728.000000, 0.478565 , -3.017349, 0.827917, 6932996608.000000, -27.719999,  44.029999,  12.950000, 0.000000,  0.000000 
 1182208.000000, -0.217747 , -2.691926, 1.581656, 6933016064.000000, -58.380001,  33.250000,  21.490000, 6933156864.000000,  1011.637146 
 1201664.000000, -0.373280 , -2.148755, 0.476172, 6933036544.000000, -61.459999,  19.040001,  41.580002, 0.000000,  0.000000 
 1221632.000000, -0.184247 , -0.442672, 0.078963, 6933056000.000000, -26.740000,  7.210000,  54.110001, 0.000000,  0.000000 
 1242112.000000, -0.559920 , 0.318245, 0.787239, 6933075968.000000, 16.030001,  7.560000,  57.750000, 0.000000,  0.000000 
 1261568.000000, -3.067599 , -0.157926, 2.699104, 6933096448.000000, 28.210001,  19.600000,  57.540001, 0.000000,  0.000000 
 1282048.000000, -6.329016 , -0.559920, 3.153740, 6933115904.000000, 15.190001,  58.240002,  50.820000, 0.000000,  0.000000 
 1301504.000000, -11.641083 , 1.959722, 2.115255, 6933136384.000000, 33.180000,  83.019997,  52.500000, 0.000000,  0.000000 
 1321472.000000, -30.159136 , 3.491128, 1.088734, 6933155840.000000, 54.320000,  81.480003,  57.820000, 0.000000,  0.000000 
 1341952.000000, -43.848476 , -0.813560, -0.124427, 6933175808.000000, 43.959999,  117.739998,  118.510002, 0.000000,  0.000000 
 1361408.000000, -19.477577 , 0.318245, 1.098306, 6933196800.000000, 40.880001,  59.080002,  94.989998, 0.000000,  0.000000 
 1381888.000000, -23.387447 , 4.347759, -4.589434, 6933216256.000000, 18.480000,  -5.600000,  91.840004, 0.000000,  0.000000 
 1401344.000000, -21.205196 , 6.247660, -3.967300, 6933236224.000000, 17.920000,  20.580000,  25.200001, 0.000000,  0.000000 
 1421312.000000, -21.580866 , 5.158926, 1.691726, 6933256192.000000, -57.400002,  -53.760002,  -67.410004, 0.000000,  0.000000 
 1442304.000000, -27.369106 , 3.268596, -1.531406, 6933276160.000000, -59.920002,  -47.810001,  -77.139999, 0.000000,  0.000000 
 1461248.000000, -30.247671 , 0.418744, -8.417950, 6933296640.000000, 7.000000,  32.480000,  -12.040000, 0.000000,  0.000000 
 1481728.000000, -22.109680 , -0.471386, -5.635098, 6933316096.000000, 25.270000,  49.209999,  69.370003, 0.000000,  0.000000 
 1501696.000000, -21.329622 , -2.191825, -3.866802, 6933336064.000000, -121.029999,  -13.510000,  92.190002, 0.000000,  0.000000 
 1521664.000000, -22.482962 , -5.479564, -2.861816, 6933356032.000000, -227.080002,  -5.950000,  49.349998, 0.000000,  0.000000 
 1542144.000000, -17.572889 , -5.840880, -0.550349, 6933376000.000000, -205.309998,  26.389999,  -39.689999, 0.000000,  0.000000 
 1561600.000000, -12.875778 , -2.514857, -0.698704, 6933396480.000000, -143.009995,  33.670002,  -47.950001, 0.000000,  0.000000 
 1581568.000000, -9.238688 , 1.186840, 4.383651, 6933415936.000000, -64.330002,  38.920002,  -42.279999, 0.000000,  0.000000 
 1601536.000000, -5.187639 , 1.868794, 5.888737, 6933436416.000000, -15.330000,  3.710000,  -63.980000, 0.000000,  0.000000 
 1621504.000000, -0.598206 , 1.356731, 3.067599, 6933455872.000000, 8.960000,  -18.410000,  -70.489998, 0.000000,  0.000000 
 1641984.000000, 4.350152 , 1.849652, 2.455036, 6933475840.000000, 75.949997,  -16.030001,  -46.759998, 0.000000,  0.000000 
 1661440.000000, 8.516055 , 2.120041, 2.445465, 6933496320.000000, 115.919998,  -27.440001,  -16.170000, 0.000000,  0.000000 
 1681408.000000, 7.032506 , 0.679562, 1.674976, 6933515776.000000, 95.129997,  -24.639999,  -0.770000, 0.000000,  0.000000 
 1701376.000000, 2.014757 , 0.289532, 2.024328, 6933536256.000000, 90.580002,  27.510000,  -36.889999, 0.000000,  0.000000 
 1721344.000000, -0.792024 , -0.308674, 1.844866, 6933555712.000000, 91.980003,  82.949997,  -79.379997, 0.000000,  0.000000 
 1741824.000000, -1.110270 , -0.610170, 1.909473, 6933575680.000000, 79.660004,  71.260002,  -49.770000, 0.000000,  0.000000 
 1761280.000000, -0.334995 , -0.885344, 1.646262, 6933596672.000000, 44.450001,  29.540001,  -4.130000, 0.000000,  0.000000 
 1781760.000000, 0.126820 , -0.662812, 1.127020, 6933615616.000000, 21.980000,  -0.420000,  19.950001, 0.000000,  0.000000 
 1801216.000000, 0.638884 , -0.059821, 0.457029, 6933636096.000000, 7.770000,  -19.180000,  24.780001, 0.000000,  0.000000 
 1821184.000000, 1.198804 , -0.425922, 0.392423, 6933655552.000000, -11.130000,  -30.730000,  23.450001, 0.000000,  0.000000 
 1843712.000000, 1.304088 , -0.806381, 1.004985, 6933676032.000000, -36.049999,  -35.980000,  18.340000, 0.000000,  0.000000 
 1861120.000000, 0.617348 , -1.249053, 1.148555, 6933698560.000000, -53.340000,  -31.219999,  8.330000, 0.000000,  0.000000 
 1881600.000000, -0.442672 , -0.933201, 1.349552, 6933715968.000000, -29.469999,  -17.360001,  -3.920000, 0.000000,  0.000000 
 1901056.000000, -1.215554 , -0.265603, 1.844866, 6933735936.000000, 11.130000,  -3.010000,  -13.580000, 0.000000,  0.000000 
 1921024.000000, -2.400001 , 0.239282, 2.866602, 6933755904.000000, 45.290001,  2.590000,  -7.420000, 0.000000,  0.000000 
 1942016.000000, -5.295317 , 0.291924, 2.940779, 6933775872.000000, 59.430000,  8.120000,  -5.040000, 0.000000,  0.000000 
 1960960.000000, -13.560125 , -1.213161, 1.373480, 6933796352.000000, 56.560001,  24.010000,  -9.520000, 0.000000,  0.000000 
 1981440.000000, -60.607803 , 1.241875, 5.206782, 6933815808.000000, 25.830000,  81.199997,  14.770000, 0.000000,  0.000000 
 2001408.000000, -31.891541 , -5.127820, -2.062613, 6933835776.000000, -13.580000,  240.520004,  139.369995, 0.000000,  0.000000 
 2021376.000000, -14.737395 , 0.193819, -6.661618, 6933855744.000000, 88.059998,  -38.220001,  61.740002, 0.000000,  0.000000 
 2041856.000000, -18.757338 , 1.466800, -6.747760, 6933875712.000000, -60.619999,  -104.370003,  237.580002, 0.000000,  0.000000 
 2061312.000000, -21.219549 , 3.239882, 5.486742, 6933896192.000000, -136.779999,  -72.730003,  -19.670000, 0.000000,  0.000000 
 2081280.000000, -28.917261 , 0.624527, 1.581656, 6933915648.000000, -133.839996,  -62.439999,  -103.529999, 0.000000,  0.000000 
 2101248.000000, -30.084959 , 3.981657, -9.272188, 6933936128.000000, 54.880001,  57.049999,  -143.990005, 0.000000,  0.000000 
 2121216.000000, -20.441883 , 4.651647, -10.636096, 6933955584.000000, 173.180008,  87.989998,  -25.340000, 0.000000,  0.000000 
 2141696.000000, -16.474585 , 1.780260, -6.620940, 6933975552.000000, 121.730003,  -28.350000,  96.180000, 0.000000,  0.000000 
 2161152.000000, -20.781666 , 0.143569, -2.055435, 6934015488.000000, -116.550003,  -33.459999,  45.009998, 6934156288.000000,  1011.637329 
 2181632.000000, -18.896120 , -1.909473, -0.098106, 0.000000, 0.000000,  0.000000,  0.000000, 0.000000,  0.000000 
 2201088.000000, -13.146168 , -2.045863, 0.902094, 6934035968.000000, -180.460007,  -6.090000,  -11.270000, 0.000000,  0.000000 
 2221056.000000, -9.566505 , -1.868794, 1.213161, 6934055424.000000, -166.880005,  14.000000,  -30.380001, 0.000000,  0.000000 
 2241536.000000, -6.623333 , -1.112662, 2.959922, 6934075392.000000, -74.900002,  31.920000,  -40.670002, 0.000000,  0.000000 
 2260992.000000, -3.196811 , 0.148355, 2.845066, 6934096384.000000, 23.590000,  2.800000,  -43.400002, 0.000000,  0.000000 
 2281472.000000, 1.375873 , 1.294517, 1.572084, 6934115328.000000, 107.870003,  -37.730000,  -25.059999, 0.000000,  0.000000 
 2300928.000000, 6.738188 , 2.634498, 0.885344, 6934135808.000000, 171.850006,  -71.400002,  -0.420000, 0.000000,  0.000000 
 2320896.000000, 8.401200 , 2.758924, 0.744168, 6934155264.000000, 180.880005,  -82.040001,  23.170000, 0.000000,  0.000000 
 2341376.000000, 3.605984 , 1.330409, 1.351945, 6934175744.000000, 135.520004,  -18.690001,  8.890000, 0.000000,  0.000000 
 2360832.000000, -0.514457 , 0.526421, 1.959722, 6934196224.000000, 97.090004,  66.919998,  -49.630001, 0.000000,  0.000000 
 2381312.000000, -1.899901 , 0.294317, 2.062613, 6934215680.000000, 72.239998,  93.590004,  -48.020000, 0.000000,  0.000000 
 2400768.000000, -0.906880 , -0.461815, 1.919044, 6934235648.000000, 43.259998,  61.529999,  3.150000, 0.000000,  0.000000 
 2420736.000000, 0.117248 , -1.165305, 1.916651, 6934255616.000000, 15.050000,  17.430000,  41.230000, 0.000000,  0.000000 
 2441728.000000, 0.545564 , -1.414158, 1.543371, 6934275584.000000, -16.170000,  -9.940000,  44.240002, 0.000000,  0.000000 
 2460672.000000, 0.418744 , -1.471586, 1.359123, 6934296064.000000, -45.639999,  -21.980000,  37.660000, 0.000000,  0.000000 
 2481152.000000, 0.023928 , -1.701297, 1.529014, 6934315520.000000, -60.689999,  -25.760000,  24.639999, 0.000000,  0.000000 
 2501120.000000, -0.217747 , -1.942972, 1.804188, 6934335488.000000, -64.889999,  -32.200001,  3.010000, 0.000000,  0.000000 
 2521088.000000, -0.380459 , -1.866402, 1.942972, 6934355456.000000, -60.549999,  -40.810001,  -15.750000, 0.000000,  0.000000 
 2541568.000000, -0.902094 , -1.596013, 1.878366, 6934375424.000000, -41.509998,  -42.070000,  -28.420000, 0.000000,  0.000000 
 2561024.000000, -2.349752 , -1.162912, 2.086541, 6934395904.000000, -17.290001,  -34.860001,  -43.820000, 0.000000,  0.000000 
 2580992.000000, -5.556134 , -0.847059, 1.952543, 6934415360.000000, -0.770000,  -19.460001,  -56.070000, 0.000000,  0.000000 
 2600960.000000, -13.727623 , -2.242075, 0.064606, 6934435840.000000, 3.430000,  15.330000,  -61.529999, 0.000000,  0.000000 
 2620928.000000, -55.281376 , -0.524028, 3.436093, 6934455296.000000, -14.210000,  93.099998,  -36.049999, 0.000000,  0.000000 
 2641408.000000, -28.484158 , -7.348359, 0.512064, 6934475264.000000, -42.420002,  254.169998,  44.170002, 0.000000,  0.000000 
 2660864.000000, -13.007384 , -2.175076, -4.680361, 6934495744.000000, 70.000000,  -12.810000,  2.520000, 0.000000,  0.000000 
 2681344.000000, -20.377277 , 2.129612, -4.740182, 6934515200.000000, 29.049999,  -52.220001,  165.690002, 0.000000,  0.000000 
 2700800.000000, -21.205196 , 6.501299, 0.021535, 6934535680.000000, 59.570000,  3.570000,  -67.199997, 0.000000,  0.000000 
 2720768.000000, -20.396420 , 7.515855, 1.722832, 6934555136.000000, 63.000000,  -14.560000,  -86.449997, 0.000000,  0.000000 
 2741248.000000, -25.536201 , 5.257031, -4.472186, 6934575104.000000, 103.879997,  6.510000,  -76.300003, 0.000000,  0.000000 
 2760704.000000, -28.725836 , 1.885544, -9.317651, 6934596096.000000, 130.690002,  85.750000,  -27.160000, 0.000000,  0.000000 
 2781184.000000, -22.454247 , 0.055035, -9.932607, 6934615040.000000, 113.610001,  69.090004,  38.849998, 0.000000,  0.000000 
 2800640.000000, -22.205395 , 2.234896, -6.656832, 6934635520.000000, 43.330002,  -27.580000,  73.919998, 0.000000,  0.000000 
 2820608.000000, -21.815365 , -0.088534, -3.876373, 6934655488.000000, -57.680000,  -41.230000,  76.720001, 0.000000,  0.000000 
 2844160.000000, -16.290337 , -0.339781, -1.217947, 6934675456.000000, -156.029999,  -9.940000,  5.250000, 0.000000,  0.000000 
 2860544.000000, -12.914064 , -1.481157, 0.480957, 6934698496.000000, -190.259995,  3.780000,  -18.620001, 0.000000,  0.000000 
 2881536.000000, -10.348958 , -0.270389, 2.478964, 6934715392.000000, -130.899994,  21.070000,  -23.309999, 0.000000,  0.000000 
 2901504.000000, -6.661618 , 1.229911, 3.203990, 6934735872.000000, -52.920002,  13.230000,  -19.250000, 0.000000,  0.000000 
 2921472.000000, -2.182254 , 2.816352, 2.967100, 6934756352.000000, 42.630001,  -27.299999,  14.840000, 0.000000,  0.000000 
 2941952.000000, 4.414758 , 3.347559, 3.175276, 6934775808.000000, 79.519997,  -61.880001,  43.259998, 0.000000,  0.000000 
 2961408.000000, 10.841879 , 2.952743, 2.792424, 6934796288.000000, 78.750000,  -78.330002,  48.720001, 0.000000,  0.000000 
 2981888.000000, 9.382257 , 0.559920, 2.725425, 6934815744.000000, 44.380001,  -66.080002,  39.410000, 0.000000,  0.000000 
 3001344.000000, 2.928815 , 0.208176, 3.684947, 6934836224.000000, 28.139999,  19.460001,  26.600000, 0.000000,  0.000000 
 3021312.000000, -1.299303 , -0.148355, 3.096312, 6934856192.000000, 45.009998,  112.419998,  -25.410000, 0.000000,  0.000000 
 3042304.000000, -1.837688 , -0.428315, 2.567499, 6934876160.000000, 67.269997,  105.489998,  5.320000, 0.000000,  0.000000 
 3061760.000000, -1.057628 , -1.203590, 2.407180, 6934896640.000000, 44.799999,  62.020000,  81.269997, 0.000000,  0.000000 
 3082240.000000, -0.758525 , -1.986043, 1.663012, 6934916096.000000, 3.990000,  26.040001,  106.470001, 0.000000,  0.000000 
 3101696.000000, -0.729811 , -2.665605, 0.777667, 6934936576.000000, -44.170002,  12.950000,  92.540001, 0.000000,  0.000000 
 3121664.000000, -0.311067 , -3.060420, 0.581456, 6934956544.000000, -91.769997,  -0.070000,  73.010002, 0.000000,  0.000000 
 3142656.000000, 0.251246 , -3.452843, 1.557728, 6934976512.000000, -134.330002,  -21.139999,  47.320000, 0.000000,  0.000000 
 3162112.000000, 0.236889 , -3.584448, 2.282753, 6935016448.000000, -148.330002,  -44.380001,  -16.240000, 6935157248.000000,  1011.639709 
 3182080.000000, -0.466600 , -3.285345, 2.385644, 0.000000, 0.000000,  0.000000,  0.000000, 0.000000,  0.000000 
 3203072.000000, -1.768296 , -2.861816, 2.301895, 6935036416.000000, -98.980003,  -30.730000,  -41.930000, 0.000000,  0.000000 
 3223040.000000, -3.175276 , -1.933401, 2.361716, 6935057408.000000, -33.880001,  -15.610000,  -58.450001, 0.000000,  0.000000 
 3243520.000000, -4.723432 , -0.760918, 0.669990, 6935077376.000000, 23.240000,  -8.190000,  -66.570000, 0.000000,  0.000000 
 3262976.000000, -9.456435 , -0.174676, -0.105284, 6935098368.000000, 69.019997,  -9.520000,  -66.500000, 0.000000,  0.000000 
 3283456.000000, -26.959930 , 0.725025, 2.847459, 6935117312.000000, 81.760002,  22.540001,  -46.689999, 0.000000,  0.000000 
 3302912.000000, -50.074596 , -2.782853, -10.983055, 6935137792.000000, 41.230000,  153.580002,  15.820000, 0.000000,  0.000000 
 3322880.000000, -19.066011 , 1.686940, -6.764510, 6935157248.000000, 129.779999,  73.150002,  -45.500000, 0.000000,  0.000000 
 3343360.000000, -17.328821 , 5.572884, -8.683553, 6935177216.000000, 81.199997,  -69.019997,  90.650002, 0.000000,  0.000000 
 3362816.000000, -18.022739 , 4.539185, -1.823331, 6935198208.000000, -35.070000,  -32.200001,  -3.990000, 0.000000,  0.000000 
 3383296.000000, -25.490740 , 2.364109, 2.084148, 6935217152.000000, -88.620003,  -29.680000,  -133.979996, 0.000000,  0.000000 
 3402752.000000, -31.984859 , 2.696711, -5.185246, 6935237632.000000, -12.530000,  44.099998,  -179.479996, 0.000000,  0.000000 
 3422720.000000, -30.032318 , 1.938186, -11.475977, 6935257600.000000, 107.099998,  84.629997,  -111.790001, 0.000000,  0.000000 
 3443712.000000, -28.558338 , -0.428315, -11.215159, 6935277568.000000, 125.510002,  14.630000,  0.140000, 0.000000,  0.000000 
 3462656.000000, -19.714466 , 0.203390, -10.569098, 6935298048.000000, 6.300000,  -72.940002,  53.830002, 0.000000,  0.000000 
 3483136.000000, -15.050854 , -0.677169, -4.618148, 6935317504.000000, -132.089996,  -130.130005,  71.470001, 0.000000,  0.000000 
 3502592.000000, -16.354942 , -2.234896, 3.168097, 6935337472.000000, -232.889999,  -94.779999,  3.150000, 0.000000,  0.000000 
 3522560.000000, -16.503298 , -3.620341, 3.132205, 6935357440.000000, -253.119995,  -57.820000,  -56.420002, 0.000000,  0.000000 
 3543552.000000, -12.131610 , 0.160319, -0.064606, 6935377408.000000, -150.080002,  36.400002,  -62.650002, 0.000000,  0.000000 
 3563008.000000, -8.023134 , 5.070391, 0.844666, 6935397888.000000, 69.510002,  100.169998,  -27.510000, 0.000000,  0.000000 
 3582976.000000, -1.959722 , 8.836694, 1.308874, 6935417344.000000, 185.639999,  55.369999,  19.600000, 0.000000,  0.000000 
 3602944.000000, 3.574877 , 13.447663, 4.931608, 6935437824.000000, 122.989998,  -30.309999,  35.000000, 0.000000,  0.000000 
 3622912.000000, 8.063812 , 4.878965, 4.046263, 6935457280.000000, -120.820000,  -116.270004,  87.919998, 0.000000,  0.000000 
 3643392.000000, 7.549356 , 0.157926, 4.668397, 6935477248.000000, -126.209999,  -50.540001,  -21.629999, 0.000000,  0.000000 
 3662848.000000, 7.456036 , 0.339781, 4.575077, 6935497728.000000, 2.870000,  -27.719999,  -143.500000, 0.000000,  0.000000 
 3682816.000000, 2.335395 , 2.110470, 4.180261, 6935517184.000000, 34.299999,  30.450001,  68.040001, 0.000000,  0.000000 
 3702784.000000, -2.423929 , 1.856830, 1.660619, 6935537664.000000, 81.620003,  99.680000,  46.270000, 0.000000,  0.000000 
 3722752.000000, -3.393023 , -0.165105, 0.933201, 6935557120.000000, 86.800003,  82.949997,  43.119999, 0.000000,  0.000000 
 3743232.000000, -3.242275 , -2.402394, 0.837488, 6935577088.000000, 6.650000,  40.529999,  100.239998, 0.000000,  0.000000 
 3762688.000000, -2.318645 , -3.381058, 0.189033, 6935598080.000000, -76.510002,  -9.870000,  91.699997, 0.000000,  0.000000 
 3783168.000000, -0.078963 , -3.390630, -0.878166, 6935617024.000000, -127.330002,  -54.599998,  78.120003, 0.000000,  0.000000 
 3802624.000000, 1.832902 , -3.278167, 0.098106, 6935637504.000000, -152.389999,  -98.699997,  78.470001, 0.000000,  0.000000 
 3822592.000000, 2.739782 , -3.062813, 1.359123, 6935656960.000000, -166.039993,  -117.389999,  45.639999, 0.000000,  0.000000 
 3845120.000000, 1.842474 , -3.282953, 1.375873, 6935676928.000000, -175.699997,  -94.360001,  10.990000, 0.000000,  0.000000 
 3862528.000000, -0.253639 , -3.330809, 1.318445, 6935699456.000000, -141.050003,  -51.380001,  -17.360001, 0.000000,  0.000000 
 3883008.000000, -2.026721 , -2.876173, 1.787439, 6935716864.000000, -69.510002,  -15.610000,  -45.709999, 0.000000,  0.000000 
 3902464.000000, -3.024528 , -2.184647, 2.548356, 6935737344.000000, 3.850000,  -2.870000,  -47.880001, 0.000000,  0.000000 
 3922432.000000, -3.814159 , -1.706082, 2.347359, 6935756800.000000, 65.099998,  -8.330000,  -30.730000, 0.000000,  0.000000 
 3942912.000000, -6.027520 , 0.043071, 1.619941, 6935776768.000000, 112.209999,  -9.240000,  -20.160000, 0.000000,  0.000000 
 3962368.000000, -11.124231 , -0.725025, -1.526621, 6935797760.000000, 133.699997,  5.110000,  -16.030001, 0.000000,  0.000000 
 3982848.000000, -44.779282 , 1.270589, -3.419343, 6935817216.000000, 124.180000,  63.770000,  3.150000, 0.000000,  0.000000 
 4002304.000000, -34.954353 , -10.121639, -3.069991, 6935837184.000000, 29.820000,  251.860001,  15.330000, 0.000000,  0.000000 
 4022272.000000, -8.085347 , -1.198804, -0.677169, 6935857152.000000, 92.750000,  -5.880000,  -81.970001, 0.000000,  0.000000 
 4043264.000000, -6.999006 , 0.492921, -2.543570, 6935877120.000000, -17.780001,  -143.500000,  227.710007, 0.000000,  0.000000 
 4062208.000000, -17.572889 , 3.694518, 1.100698, 6935897600.000000, 49.420002,  -71.889999,  -4.760000, 0.000000,  0.000000 
 4082688.000000, -38.084167 , 4.287938, -0.880559, 6935917056.000000, 91.629997,  97.930000,  -175.210007, 0.000000,  0.000000 
 4102656.000000, -23.930620 , 6.498906, -2.562713, 6935937024.000000, 185.430008,  168.770004,  -165.690002, 0.000000,  0.000000 
 4122624.000000, -22.798813 , 6.369694, -5.809773, 6935956992.000000, 164.080002,  -12.740000,  -29.889999, 0.000000,  0.000000 
 4143104.000000, -22.837099 , 2.311467, -6.738188, 6935976960.000000, 82.809998,  -18.340000,  24.150000, 0.000000,  0.000000 
 4162560.000000, -15.675381 , 1.741975, -2.275574, 6935997440.000000, -15.260000,  -44.450001,  -3.360000, 0.000000,  0.000000 
 4182528.000000, -16.342978 , 0.856631, 1.330409, 6936016896.000000, -114.520004,  -85.750000,  15.960000, 6936157696.000000,  1011.643127 
 4202496.000000, -22.049860 , -0.043071, 3.110669, 6936037376.000000, -182.419998,  -17.360001,  -22.400000, 0.000000,  0.000000 
 4222464.000000, -20.350954 , -1.110270, 2.624927, 6936056832.000000, -204.539993,  70.489998,  -57.820000, 0.000000,  0.000000 
 4242944.000000, -14.589039 , -0.672383, 1.107877, 6936076800.000000, -129.639999,  79.029999,  -51.099998, 0.000000,  0.000000 
 4262400.000000, -10.387242 , -0.040678, 1.682154, 6936097280.000000, -72.730003,  45.430000,  -19.110001, 0.000000,  0.000000 
 4282368.000000, -6.089733 , 0.595813, 3.081956, 6936116736.000000, -41.369999,  -7.070000,  -9.660000, 0.000000,  0.000000 
 4302336.000000, -1.710868 , 1.710868, 4.811966, 6936137216.000000, -23.590000,  -54.389999,  12.460000, 0.000000,  0.000000 
 4322304.000000, 3.060420 , 1.904687, 4.280759, 6936156672.000000, -15.330000,  -76.650002,  29.960001, 0.000000,  0.000000 
 4342784.000000, 7.293324 , 1.902294, 1.579263, 6936176640.000000, 8.540000,  -82.110001,  16.660000, 0.000000,  0.000000 
 4362240.000000, 9.521042 , 2.469393, 1.253839, 6936197632.000000, 31.990000,  -60.830002,  1.890000, 0.000000,  0.000000 
 4382720.000000, 5.254639 , 1.780260, 3.069991, 6936216576.000000, 53.410000,  -17.500000,  8.050000, 0.000000,  0.000000 
 4402176.000000, -0.677169 , 0.545564, 2.991028, 6936237056.000000, 91.840004,  59.779999,  -7.630000, 0.000000,  0.000000 
 4422144.000000, -3.692125 , 0.095713, 2.335395, 6936256512.000000, 106.750000,  95.620003,  3.500000, 0.000000,  0.000000 
 4442624.000000, -3.445665 , -0.976272, 0.851845, 6936276992.000000, 74.340004,  64.120003,  77.769997, 0.000000,  0.000000 
 4462080.000000, -1.756332 , -2.330609, -0.713061, 6936297472.000000, 18.620001,  14.630000,  120.400002, 0.000000,  0.000000 
 4482560.000000, 0.258425 , -3.732803, -0.289532, 6936316928.000000, -34.860001,  -29.400000,  94.709999, 0.000000,  0.000000 
 4502016.000000, 1.622334 , -3.168097, 2.675175, 6936336896.000000, -59.849998,  -59.220001,  57.260002, 0.000000,  0.000000 
 4521984.000000, 1.521835 , -2.725425, 1.634298, 6936356864.000000, -71.400002,  -65.379997,  20.230000, 0.000000,  0.000000 
 4542976.000000, -0.370888 , -1.837688, 0.631705, 6936376832.000000, -17.290001,  -37.380001,  -9.030000, 0.000000,  0.000000 
 4561920.000000, -1.861616 , -0.792024, 0.346959, 6936397312.000000, 47.110001,  -7.980000,  -31.150000, 0.000000,  0.000000 
 4582400.000000, -2.017149 , -0.212961, 0.588634, 6936416768.000000, 64.330002,  -3.920000,  -25.200001, 0.000000,  0.000000 
 4602368.000000, -1.916651 , -0.184247, 0.988236, 6936436736.000000, 54.740002,  -24.360001,  -10.710000, 0.000000,  0.000000 
 4622336.000000, -3.500700 , -0.540778, 1.823331, 6936456704.000000, 38.990002,  -38.990002,  -5.810000, 0.000000,  0.000000 
 4642816.000000, -9.815358 , -1.344766, 1.158126, 6936476672.000000, 22.330000,  -18.690001,  -8.960000, 0.000000,  0.000000 
 4662272.000000, -43.592442 , -0.200997, 7.298109, 6936497152.000000, 3.850000,  47.459999,  -8.890000, 0.000000,  0.000000 
 4682240.000000, -45.391846 , -9.588040, -2.330609, 6936516608.000000, -17.990000,  174.930008,  32.900002, 0.000000,  0.000000 
 4702208.000000, -17.434107 , -1.375873, -1.026521, 6936537088.000000, 139.020004,  58.380001,  -125.370003, 0.000000,  0.000000 
 4722176.000000, -14.469398 , 4.429115, -3.194418, 6936556544.000000, 102.269997,  16.450001,  130.130005, 0.000000,  0.000000 
 4742656.000000, -12.906885 , 8.032705, -1.071985, 6936576512.000000, 129.990005,  -2.240000,  -19.460001, 0.000000,  0.000000 
 4762112.000000, -14.270795 , 8.267202, 1.416551, 6936596992.000000, 94.849998,  -61.250000,  -113.680000, 0.000000,  0.000000 
 4782592.000000, -24.746571 , 5.419744, -1.019342, 6936616448.000000, 92.959999,  -27.370001,  -109.059998, 0.000000,  0.000000 
 4802048.000000, -29.029724 , 2.232504, -6.424729, 6936636928.000000, 104.860001,  59.430000,  -102.620003, 0.000000,  0.000000 
 4822016.000000, -23.126629 , 0.543171, -7.613962, 6936656384.000000, 131.389999,  48.580002,  -16.940001, 0.000000,  0.000000 
 4844544.000000, -18.640089 , 1.287339, -6.991827, 6936676352.000000, 131.110001,  -17.850000,  57.820000, 0.000000,  0.000000 
 4862976.000000, -15.950556 , 3.060420, -4.974678, 6936698880.000000, 74.199997,  -28.910000,  73.919998, 0.000000,  0.000000 
 4882432.000000, -21.530619 , 2.526821, -2.187040, 6936717312.000000, -27.230000,  -19.809999,  27.790001, 0.000000,  0.000000 
 4901888.000000, -19.099510 , -0.696311, -1.512264, 6936736768.000000, -124.949997,  43.680000,  -63.209999, 0.000000,  0.000000 
 4921856.000000, -13.450057 , -1.304088, -1.234696, 6936756736.000000, -142.449997,  60.689999,  -67.480003, 0.000000,  0.000000 
 4942336.000000, -9.602397 , 0.638884, 1.971686, 6936776704.000000, -110.320000,  42.700001,  -9.380000, 0.000000,  0.000000 
 4962304.000000, -6.290731 , 2.311467, 5.235496, 6936797184.000000, -29.680000,  27.020000,  23.030001, 0.000000,  0.000000 
 4982272.000000, -3.048456 , 3.419343, 5.065606, 6936816640.000000, 49.630001,  -14.630000,  29.260000, 0.000000,  0.000000 
 5001728.000000, 0.648455 , 3.041277, 2.124826, 6936836608.000000, 83.930000,  -39.759998,  34.580002, 0.000000,  0.000000 
 5022208.000000, 5.254639 , 3.065206, 1.928615, 6936856576.000000, 76.860001,  -53.130001,  36.959999, 0.000000,  0.000000 
 5042688.000000, 8.609376 , 1.179662, 2.445465, 6936876544.000000, 37.240002,  -73.919998,  41.509998, 0.000000,  0.000000 
 5062144.000000, 5.788238 , 0.038285, 3.005385, 6936897024.000000, 24.570000,  -79.730003,  46.549999, 0.000000,  0.000000 
 5082112.000000, 0.208176 , 0.016750, 2.919244, 6936916480.000000, 33.320000,  5.040000,  29.469999, 0.000000,  0.000000 
 5102080.000000, -3.988836 , -1.136591, 0.758525, 6936936960.000000, 69.160004,  77.559998,  7.350000, 0.000000,  0.000000 
 5122048.000000, -5.271388 , -1.457229, -1.567299, 6936956416.000000, 83.650002,  78.680000,  30.450001, 0.000000,  0.000000 
 5142528.000000, -2.053042 , -1.775474, -0.744168, 6936976384.000000, 17.710001,  21.770000,  51.869999, 0.000000,  0.000000 
 5161984.000000, 1.713261 , -1.478764, 0.435494, 6937016320.000000, -143.289993,  -116.340004,  28.910000, 6937157120.000000,  1011.644897 
 5181952.000000, 3.919443 , -2.021935, 0.277567, 0.000000, 0.000000,  0.000000,  0.000000, 0.000000,  0.000000 
 5201920.000000, 3.108276 , -1.957329, 0.215354, 6937036800.000000, -145.880005,  -99.400002,  -6.370000, 0.000000,  0.000000 
 5221888.000000, 0.667598 , -1.502693, -0.763310, 6937056256.000000, -119.770004,  -45.639999,  -33.740002, 0.000000,  0.000000 
 5242368.000000, -1.344766 , -0.885344, -0.437887, 6937076224.000000, -73.709999,  4.690000,  -39.340000, 0.000000,  0.000000 
 5261824.000000, -1.866402 , -0.112463, -0.081356, 6937096704.000000, -18.410000,  22.120001,  -31.850000, 0.000000,  0.000000 
 5282304.000000, -1.454836 , 0.234497, 0.320638, 6937116160.000000, 19.809999,  6.720000,  -7.070000, 0.000000,  0.000000 
 5301760.000000, -2.388037 , 0.653241, 0.425922, 6937136640.000000, 31.430000,  -10.570000,  4.550000, 0.000000,  0.000000 
 5321728.000000, -6.721439 , 0.617348, 0.016750, 6937156608.000000, 6.300000,  -1.820000,  -3.710000, 0.000000,  0.000000 
 5342208.000000, -21.238693 , -0.303888, 1.002593, 6937176576.000000, -28.840000,  57.820000,  -10.290000, 0.000000,  0.000000 
 5361664.000000, -64.110901 , -4.957928, -11.593226, 6937197056.000000, -72.449997,  180.389999,  3.780000, 0.000000,  0.000000 
 5382144.000000, -29.041687 , -2.184647, 4.386044, 6937216512.000000, 3.570000,  144.479996,  -88.340004, 0.000000,  0.000000 
 5401600.000000, -20.434706 , 4.321437, -3.914658, 6937236480.000000, 2.100000,  -25.270000,  -1.260000, 0.000000,  0.000000 
 5421568.000000, -12.658032 , 6.266802, 0.251246, 6937256448.000000, -33.389999,  74.550003,  30.100000, 0.000000,  0.000000 
 5442560.000000, -8.941978 , 2.770889, 6.046663, 6937276416.000000, -50.680000,  16.520000,  -34.230000, 0.000000,  0.000000 
 5462016.000000, -15.165710 , 1.241875, 8.745767, 6937296896.000000, -115.290001,  -86.940002,  -72.870003, 0.000000,  0.000000 
 5481984.000000, -38.876190 , 0.270389, -3.962514, 6937316352.000000, -73.360001,  -38.849998,  -100.029999, 0.000000,  0.000000 
 5501952.000000, -44.980278 , -0.394816, -13.129417, 6937336320.000000, 120.680000,  105.840004,  -66.639999, 0.000000,  0.000000 
 5521920.000000, -17.946171 , 2.591427, -5.649454, 6937356288.000000, 288.329987,  102.129997,  -39.200001, 0.000000,  0.000000 
 5542400.000000, -11.466407 , 4.488935, -5.860023, 6937376256.000000, 141.330002,  -100.239998,  101.080002, 0.000000,  0.000000 
 5561856.000000, -12.356536 , 1.952543, -3.251846, 6937396736.000000, -64.889999,  -75.669998,  83.650002, 0.000000,  0.000000 
 5581824.000000, -18.814764 , -1.897508, 0.358923, 6937416192.000000, -223.580002,  -7.700000,  -22.330000, 0.000000,  0.000000 
 5601792.000000, -20.855844 , -6.467800, 0.078963, 6937436672.000000, -277.690002,  82.949997,  -73.220001, 0.000000,  0.000000 
 5621760.000000, -14.761322 , -6.372087, 0.478565, 6937456128.000000, -145.110001,  103.110001,  -34.299999, 0.000000,  0.000000 
 5642240.000000, -10.602598 , -4.479364, 1.421337, 6937476096.000000, 10.430000,  50.470001,  67.480003, 0.000000,  0.000000 
 5661696.000000, -8.432307 , -3.213561, 1.629512, 6937496576.000000, 130.059998,  19.950001,  102.620003, 0.000000,  0.000000 
 5681664.000000, -5.034499 , -0.323031, 1.971686, 6937516032.000000, 181.580002,  -14.910000,  53.410000, 0.000000,  0.000000 
 5702656.000000, -0.222532 , 2.158326, 0.629312, 6937536512.000000, 169.960007,  -51.869999,  24.639999, 0.000000,  0.000000 
 5722624.000000, 6.384050 , 4.484150, 0.181855, 6937556992.000000, 146.020004,  -125.090004,  2.030000, 0.000000,  0.000000 
 5743104.000000, 11.772687 , 6.082555, 1.978864, 6937576960.000000, 115.849998,  -169.610001,  -15.680000, 0.000000,  0.000000 
 5762560.000000, 6.125626 , 3.136991, 3.445665, 6937597440.000000, 48.790001,  -124.669998,  -13.720000, 0.000000,  0.000000 
 5783040.000000, -0.318245 , 1.497907, 3.773481, 6937616896.000000, 19.600000,  24.290001,  -29.120001, 0.000000,  0.000000 
 5803008.000000, -3.225525 , 0.189033, 0.619741, 6937637376.000000, 32.619999,  100.940002,  -35.139999, 0.000000,  0.000000 
 5822976.000000, -2.639283 , 0.055035, -1.227518, 6937657344.000000, 57.750000,  62.580002,  -0.490000, 0.000000,  0.000000 
 5845504.000000, -0.847059 , 0.509671, -1.698904, 6937677312.000000, 34.720001,  -15.610000,  38.290001, 0.000000,  0.000000 
 5862912.000000, 0.552742 , 0.978664, -0.545564, 6937699840.000000, 1.050000,  -57.750000,  39.830002, 0.000000,  0.000000 
 5883392.000000, 1.024128 , 0.126820, -0.244068, 6937717248.000000, -27.790001,  -62.230000,  18.760000, 0.000000,  0.000000 
 5902848.000000, 1.079163 , -0.619741, -0.002393, 6937737728.000000, -51.939999,  -54.040001,  0.840000, 0.000000,  0.000000 
 5922816.000000, 0.849452 , -0.490529, -0.430708, 6937757184.000000, -65.800003,  -35.490002,  -7.490000, 0.000000,  0.000000 
 5943296.000000, 1.177269 , -0.129212, 0.349352, 6937777152.000000, -49.630001,  -29.120001,  -7.420000, 0.000000,  0.000000 
 5962752.000000, 0.902094 , 0.323031, 1.828116, 6937798144.000000, -11.970000,  -20.020000,  -3.780000, 0.000000,  0.000000 
 5983232.000000, -0.313460 , 0.799203, 2.366502, 6937817088.000000, 20.090000,  -12.530000,  -0.980000, 0.000000,  0.000000 
 6002688.000000, -2.172683 , 0.964308, 0.437887, 6937837568.000000, 62.230000,  14.280000,  7.350000, 0.000000,  0.000000 
 6022656.000000, -6.242875 , 0.677169, -2.155933, 6937857024.000000, 92.120003,  31.570000,  17.570000, 0.000000,  0.000000 
 6043136.000000, -21.568903 , 1.564906, 0.066999, 6937877504.000000, 68.040001,  61.250000,  24.639999, 0.000000,  0.000000 
 6062592.000000, -66.814781 , -0.868595, -15.223137, 6937897984.000000, -16.450001,  200.899994,  46.689999, 0.000000,  0.000000 
 6083072.000000, -21.525833 , -2.974278, 1.624727, 6937917440.000000, -60.900002,  116.970001,  -96.250000, 0.000000,  0.000000 
 6102528.000000, -13.988441 , 3.010171, -3.739982, 6937937408.000000, -33.670002,  -87.220001,  88.900002, 0.000000,  0.000000 
 6122496.000000, -16.981861 , 5.228317, -2.964707, 6937957376.000000, -94.989998,  10.430000,  106.330002, 0.000000,  0.000000 
 6143488.000000, -23.727228 , 3.795017, 3.742374, 6937977344.000000, -119.980003,  -20.790001,  -103.599998, 0.000000,  0.000000 
 6162432.000000, -28.352554 , 1.294517, 1.318445, 6938017280.000000, 37.799999,  45.360001,  -60.340000, 6938158080.000000,  1011.647339 
 6182912.000000, -26.222944 , 0.476172, -7.262216, 0.000000, 0.000000,  0.000000,  0.000000, 0.000000,  0.000000 
 6202880.000000, -21.846470 , 1.031307, -6.029913, 6938037248.000000, 159.949997,  51.380001,  42.070000, 0.000000,  0.000000 
 6222848.000000, -19.934605 , -0.263210, -5.012963, 6938057216.000000, 84.910004,  7.280000,  113.260002, 0.000000,  0.000000 
 6243328.000000, -20.571095 , -2.452643, -4.515256, 6938077184.000000, -53.970001,  -20.580000,  75.459999, 0.000000,  0.000000 
 6262784.000000, -15.826129 , -2.806781, -0.480957, 6938097664.000000, -174.020004,  -2.800000,  -19.320000, 0.000000,  0.000000 
 6282752.000000, -10.387242 , -2.172683, 0.055035, 6938117120.000000, -234.290009,  -2.800000,  -74.410004, 0.000000,  0.000000 
 6302720.000000, -7.872386 , -1.395016, 2.232504, 6938137600.000000, -175.979996,  13.020000,  -68.180000, 0.000000,  0.000000 
 6322688.000000, -5.876772 , 0.830309, 4.077370, 6938157056.000000, -51.029999,  4.690000,  -75.949997, 0.000000,  0.000000 
 6343168.000000, -3.022135 , 3.909872, 3.562913, 6938177024.000000, 63.209999,  -19.600000,  -61.810001, 0.000000,  0.000000 
 6362624.000000, 0.746561 , 6.106483, 1.344766, 6938197504.000000, 125.090004,  -31.219999,  -12.810000, 0.000000,  0.000000 
 6383104.000000, 3.512664 , 5.680561, 1.543371, 6938216960.000000, 100.730003,  -39.270000,  19.530001, 0.000000,  0.000000 
 6402560.000000, 3.677768 , 3.232704, 3.907479, 6938237440.000000, 5.250000,  -23.660000,  -0.140000, 0.000000,  0.000000 
 6422528.000000, 3.148954 , 1.581656, 5.599205, 6938256896.000000, -63.770000,  0.210000,  -15.680000, 0.000000,  0.000000 
 6443008.000000, 2.222932 , 0.741775, 5.446064, 6938276864.000000, -40.459999,  26.250000,  2.590000, 0.000000,  0.000000 
 6462464.000000, 1.153341 , 1.694118, 3.842873, 6938297856.000000, 53.130001,  26.180000,  20.860001, 0.000000,  0.000000 
 6482944.000000, 0.375673 , 2.208575, 1.797010, 6938316800.000000, 125.160004,  17.710001,  41.439999, 0.000000,  0.000000 
 6502400.000000, -0.691526 , 1.840081, 0.909273, 6938337280.000000, 137.410004,  3.290000,  57.750000, 0.000000,  0.000000 
 6522368.000000, -1.115055 , 0.866202, 0.921237, 6938357248.000000, 63.490002,  -15.470000,  51.869999, 0.000000,  0.000000 
 6542848.000000, -0.638884 , -0.299103, 0.837488, 6938377216.000000, -53.549999,  -32.200001,  49.139999, 0.000000,  0.000000 
 6562304.000000, 0.196211 , -1.138984, 0.782453, 6938397696.000000, -140.770004,  -59.080002,  46.130001, 0.000000,  0.000000 
 6582784.000000, 1.055235 , -1.789831, 0.789631, 6938417152.000000, -179.130005,  -80.290001,  39.270000, 0.000000,  0.000000 
 6602240.000000, 1.143769 , -2.048256, 1.162912, 6938437120.000000, -181.020004,  -88.690002,  36.330002, 0.000000,  0.000000 
 6622208.000000, -0.040678 , -2.158326, 1.722832, 6938457088.000000, -163.309998,  -80.010002,  21.000000, 0.000000,  0.000000 
 6643200.000000, -2.187040 , -1.806581, 1.957329, 6938477056.000000, -127.610001,  -56.000000,  -0.070000, 0.000000,  0.000000 
 6662144.000000, -5.079963 , -1.550549, 0.512064, 6938497536.000000, -83.019997,  -24.990000,  -8.820000, 0.000000,  0.000000 
 6682624.000000, -10.954341 , -3.237489, -2.309074, 6938516992.000000, -44.380001,  7.140000,  -4.410000, 0.000000,  0.000000 
 6702592.000000, -44.054260 , -2.780460, -1.756332, 6938536960.000000, -43.330002,  70.209999,  4.410000, 0.000000,  0.000000 
 6722560.000000, -46.497334 , -13.993226, 1.875973, 6938556928.000000, -80.430000,  216.440002,  1.470000, 0.000000,  0.000000 
 6743040.000000, -15.404992 , -3.677768, 6.379266, 6938576896.000000, 40.040001,  -44.099998,  -160.509995, 0.000000,  0.000000 
 6762496.000000, -11.554940 , 0.459422, -1.852045, 6938597376.000000, 41.230000,  4.130000,  206.220001, 0.000000,  0.000000 
 6782464.000000, -13.514663 , 5.682954, -2.266003, 6938616832.000000, 216.300003,  47.880001,  29.330000, 0.000000,  0.000000 
 6802432.000000, -14.435899 , 9.616754, 2.787638, 6938637312.000000, 216.369995,  3.850000,  -115.639999, 0.000000,  0.000000 
 6822400.000000, -23.191238 , 7.805387, -0.189033, 6938656768.000000, 147.000000,  -5.670000,  -68.669998, 0.000000,  0.000000 
 6844928.000000, -31.092337 , 5.091926, -5.977271, 6938676736.000000, 161.350006,  83.300003,  -55.650002, 0.000000,  0.000000 
 6862336.000000, -19.491934 , 4.716253, -5.070391, 6938699264.000000, 155.889999,  82.949997,  -27.719999, 0.000000,  0.000000 
 6882816.000000, -15.873986 , 3.821337, -5.608776, 6938716672.000000, 56.910000,  3.990000,  72.099998, 0.000000,  0.000000 
 6902272.000000, -27.017361 , 0.471386, -4.752146, 6938737152.000000, -87.290001,  0.770000,  41.230000, 0.000000,  0.000000 
 6922240.000000, -24.205793 , -1.904687, -2.093720, 6938756608.000000, -212.100006,  72.519997,  -77.980003, 0.000000,  0.000000 
 6943744.000000, -13.512270 , 0.598206, 0.208176, 6938777088.000000, -194.320007,  56.420002,  -101.709999, 0.000000,  0.000000 
 6962176.000000, -10.784451 , 1.462015, -0.399601, 6938798080.000000, -85.820000,  18.200001,  -10.430000, 0.000000,  0.000000 
 6982656.000000, -10.588240 , 1.935793, 0.133998, 6938817024.000000, 3.920000,  21.770000,  8.050000, 0.000000,  0.000000 
 7002112.000000, -9.590433 , 2.380858, 2.038685, 6938836992.000000, 13.720000,  24.850000,  9.800000, 0.000000,  0.000000 
 7022080.000000, -7.243074 , 1.545763, 3.127419, 6938856960.000000, -43.119999,  8.750000,  17.570000, 0.000000,  0.000000 
 7043072.000000, -4.118048 , -0.277567, 3.089134, 6938876928.000000, -121.730003,  -18.900000,  17.150000, 0.000000,  0.000000 
 7062528.000000, -0.571885 , -1.478764, 2.632105, 6938897408.000000, -152.880005,  -43.750000,  6.720000, 0.000000,  0.000000 
 7082496.000000, 3.476771 , -1.098306, 2.694318, 6938916864.000000, -115.360001,  -71.610001,  -11.830000, 0.000000,  0.000000 
 7102464.000000, 7.472785 , 0.215354, 3.895515, 6938936832.000000, -39.830002,  -89.110001,  -15.680000, 0.000000,  0.000000 
 7122432.000000, 6.977471 , 0.586242, 3.840480, 6938957312.000000, 53.760002,  -67.059998,  25.690001, 0.000000,  0.000000 
 7142912.000000, 1.957329 , 0.224925, 3.050849, 6938976768.000000, 142.800003,  29.330000,  44.029999, 0.000000,  0.000000 
 7162368.000000, -1.232304 , 0.117248, 1.792224, 6938997248.000000, 202.720001,  98.559998,  8.960000, 0.000000,  0.000000 
 7182336.000000, -1.782653 , 0.545564, 0.662812, 6939016704.000000, 205.169998,  94.010002,  38.920002, 6939157504.000000,  1011.652527 
 7202304.000000, -0.748954 , 0.320638, 0.478565, 6939037184.000000, 148.050003,  39.830002,  84.209999, 0.000000,  0.000000 
 7222272.000000, 0.650848 , -0.624527, 0.885344, 6939056640.000000, 64.120003,  -11.620000,  87.220001, 0.000000,  0.000000 
 7242752.000000, 1.730011 , -1.804188, 0.038285, 6939076608.000000, -14.630000,  -46.340000,  70.699997, 0.000000,  0.000000 
 7262208.000000, 1.672583 , -3.177669, -0.313460, 6939097088.000000, -78.470001,  -59.010002,  55.230000, 0.000000,  0.000000 
 7282688.000000, 0.483350 , -3.902694, 0.392423, 6939116544.000000, -123.900002,  -45.500000,  27.580000, 0.000000,  0.000000 
 7302144.000000, -1.275374 , -3.725625, 1.435694, 6939137024.000000, -155.680008,  -24.990000,  -11.130000, 0.000000,  0.000000 
 7322112.000000, -2.172683 , -2.751746, 2.663212, 6939156480.000000, -142.589996,  -9.800000,  -34.090000, 0.000000,  0.000000 
 7342592.000000, -2.031506 , -1.761117, 2.672783, 6939176448.000000, -62.369999,  2.870000,  -27.370001, 0.000000,  0.000000 
 7362048.000000, -2.447858 , -0.119641, 0.394816, 6939197440.000000, 46.900002,  -10.430000,  -20.860001, 0.000000,  0.000000 
 7382528.000000, -7.374680 , 1.328017, -1.093520, 6939216384.000000, 119.000000,  -16.590000,  -19.389999, 0.000000,  0.000000 
 7401984.000000, -25.507490 , 2.105684, 0.607777, 6939236864.000000, 114.449997,  42.910000,  -15.890000, 0.000000,  0.000000 
 7421952.000000, -53.096733 , -7.563712, -7.271788, 6939256832.000000, -10.150000,  208.039993,  -7.770000, 0.000000,  0.000000 
 7442432.000000, -19.104296 , -3.407379, 1.598405, 6939276800.000000, -19.670000,  63.279999,  -135.029999, 0.000000,  0.000000 
 7461888.000000, -13.495520 , 2.792424, -4.582255, 6939297280.000000, 32.689999,  -57.750000,  103.949997, 0.000000,  0.000000 
 7482368.000000, -16.098909 , 9.695717, -1.560120, 6939316736.000000, 124.320000,  -21.629999,  33.040001, 0.000000,  0.000000 
 7501824.000000, -17.630316 , 10.652846, 0.490529, 6939336704.000000, 145.180008,  -67.970001,  -116.340004, 0.000000,  0.000000 
 7521792.000000, -22.786850 , 7.582855, -1.493121, 6939356672.000000, 137.199997,  -23.379999,  -73.639999, 0.000000,  0.000000 
 7542784.000000, -30.503702 , 5.094319, -9.028119, 6939376640.000000, 129.639999,  36.049999,  -47.810001, 0.000000,  0.000000 
 7561728.000000, -36.351761 , -0.873380, -12.301501, 6939397120.000000, 110.529999,  48.790001,  29.540001, 0.000000,  0.000000 
 7582208.000000, -16.015162 , -0.849452, -9.925428, 6939416576.000000, 18.270000,  -1.610000,  19.809999, 0.000000,  0.000000 
 7602176.000000, -12.528819 , 2.280360, -4.666004, 6939437056.000000, -47.180000,  -73.779999,  56.420002, 0.000000,  0.000000 
 7622144.000000, -23.748764 , 1.021735, -3.955336, 6939456512.000000, -117.669998,  -91.070000,  30.380001, 0.000000,  0.000000 
 7642624.000000, -23.286947 , -0.026321, -4.907679, 6939476480.000000, -133.490005,  14.630000,  -105.769997, 0.000000,  0.000000 
 7662080.000000, -17.443676 , 0.629312, -3.316452, 6939496960.000000, -97.580002,  134.889999,  -106.820000, 0.000000,  0.000000 
 7682048.000000, -10.959127 , 1.170090, 0.452243, 6939516416.000000, -14.910000,  47.880001,  18.340000, 0.000000,  0.000000 
 7702016.000000, -10.595419 , 1.462015, 1.677369, 6939536896.000000, 19.879999,  -7.350000,  64.680000, 0.000000,  0.000000 
 7721984.000000, -8.851050 , 1.548156, 2.359323, 6939556352.000000, 7.140000,  -7.700000,  27.299999, 0.000000,  0.000000 
 7742464.000000, -5.264209 , 1.909473, 1.940579, 6939576320.000000, 14.840000,  6.160000,  -5.810000, 0.000000,  0.000000 
 7761920.000000, -0.392423 , 2.175076, 2.321038, 6939596800.000000, 25.480000,  -36.680000,  -22.750000, 0.000000,  0.000000 
 7782400.000000, 5.994020 , 2.158326, 3.493521, 6939616256.000000, 39.270000,  -86.099998,  -17.710001, 0.000000,  0.000000 
 7801856.000000, 9.674182 , 1.627119, 3.548556, 6939636736.000000, 76.580002,  -103.180000,  -8.470000, 0.000000,  0.000000 
 7821824.000000, 6.056234 , 1.445265, 3.282953, 6939656192.000000, 134.470001,  -64.889999,  -1.050000, 0.000000,  0.000000 
 7844352.000000, 1.385444 , 1.653440, 3.034099, 6939676160.000000, 190.050003,  25.270000,  -32.340000, 0.000000,  0.000000 
 7861760.000000, -0.131605 , 2.287539, 2.847459, 6939698688.000000, 224.139999,  62.510002,  -43.049999, 0.000000,  0.000000 
 7882240.000000, 0.454636 , 2.562713, 1.883151, 6939716096.000000, 201.809998,  31.780001,  21.490000, 0.000000,  0.000000 
 7901696.000000, -0.040678 , 1.694118, 1.146162, 6939736576.000000, 126.349998,  3.150000,  91.980003, 0.000000,  0.000000 
 7921664.000000, -0.978664 , 0.457029, 0.361316, 6939756544.000000, 27.440001,  -2.590000,  106.540001, 0.000000,  0.000000 
 7942144.000000, -0.241675 , -0.887737, -1.239482, 6939776000.000000, -85.120003,  -7.560000,  90.090004, 0.000000,  0.000000 
 7961600.000000, 1.497907 , -2.270789, -1.210768, 6939796992.000000, -180.809998,  -33.250000,  69.160004, 0.000000,  0.000000 
 7982080.000000, 2.155933 , -2.952743, 0.452243, 6939815936.000000, -236.389999,  -69.720001,  35.840000, 0.000000,  0.000000 
 8001536.000000, 1.071985 , -3.359523, 0.748954, 6939836416.000000, -257.529999,  -63.000000,  3.290000, 0.000000,  0.000000 
 8021504.000000, -0.897308 , -3.421736, 0.074178, 6939856384.000000, -221.759995,  -24.500000,  -26.670000, 0.000000,  0.000000 
 8041984.000000, -2.096112 , -2.562713, 0.514457, 6939876352.000000, -142.589996,  -2.730000,  -45.779999, 0.000000,  0.000000 
 8061952.000000, -2.002793 , -0.892523, 0.933201, 6939896832.000000, -63.070000,  -5.670000,  -36.820000, 0.000000,  0.000000 
 8081920.000000, -2.567499 , 1.476372, 1.682154, 6939916288.000000, 1.400000,  -16.730000,  -12.810000, 0.000000,  0.000000 
 8101888.000000, -7.042077 , 2.203789, 1.050449, 6939936256.000000, 22.820000,  -15.890000,  -11.760000, 0.000000,  0.000000 
 8121344.000000, -20.585453 , 1.715654, -2.081756, 6939956224.000000, -21.910000,  25.200001,  -19.950001, 0.000000,  0.000000 
 8142336.000000, -64.314285 , -0.641276, -12.892529, 6939976192.000000, -128.589996,  159.669998,  15.680000, 0.000000,  0.000000 
 8161792.000000, -22.832314 , -4.996214, 4.551149, 6939996672.000000, -128.520004,  146.160004,  39.970001, 0.000000,  0.000000 
 8181760.000000, -10.928021 , 0.629312, 1.507478, 6940016128.000000, -96.180000,  -51.939999,  -4.340000, 6940156928.000000,  1011.651306 
 8201728.000000, -13.036098 , 3.096312, -0.318245, 6940036608.000000, -54.110001,  37.799999,  70.349998, 0.000000,  0.000000 
 8221696.000000, -17.663816 , 7.149754, 4.752146, 6940056064.000000, 110.110001,  40.040001,  -121.029999, 0.000000,  0.000000 
 8242176.000000, -17.213966 , 8.676375, 1.433301, 6940076032.000000, 153.160004,  28.770000,  -123.410004, 0.000000,  0.000000 
 8261632.000000, -18.439091 , 8.410772, -3.148954, 6940096512.000000, 206.220001,  21.770000,  1.680000, 0.000000,  0.000000 
 8281600.000000, -25.473989 , 5.063213, -2.658426, 6940115968.000000, 196.699997,  18.340000,  60.060001, 0.000000,  0.000000 
 8301568.000000, -22.863419 , 0.557528, -2.050649, 6940136448.000000, 40.459999,  51.939999,  87.919998, 0.000000,  0.000000 
 8321536.000000, -18.269201 , -1.189233, -2.545963, 6940155904.000000, -125.440002,  38.570000,  33.389999, 0.000000,  0.000000 
 8342016.000000, -25.643881 , -4.685147, -2.024328, 6940175872.000000, -216.300003,  34.230000,  7.000000, 0.000000,  0.000000 
 8361472.000000, -30.130423 , -7.226324, -4.043870, 6940196352.000000, -151.690002,  43.889999,  -35.980000, 0.000000,  0.000000 
 8381952.000000, -17.221144 , 0.325424, -5.285746, 6940215808.000000, 90.160004,  5.810000,  -7.980000, 0.000000,  0.000000 
 8401408.000000, -13.416556 , 7.587641, -5.917450, 6940236288.000000, 277.200012,  -43.889999,  80.080002, 0.000000,  0.000000 
 8421376.000000, -14.730216 , 3.658626, -3.249453, 6940255744.000000, 226.940002,  -19.320000,  61.740002, 0.000000,  0.000000 
 8441856.000000, -16.998611 , -1.885544, 0.215354, 6940275712.000000, -7.700000,  48.299999,  -20.440001, 0.000000,  0.000000 
 8461312.000000, -13.715660 , -1.720440, 3.182454, 6940296704.000000, -116.970001,  64.470001,  -94.150002, 0.000000,  0.000000 
 8481792.000000, -8.970692 , 1.447658, 3.725625, 6940316160.000000, -82.809998,  4.130000,  -86.940002, 0.000000,  0.000000 
 8501248.000000, -5.103891 , 4.005585, 1.454836, 6940336128.000000, 1.050000,  -51.170002,  -60.480000, 0.000000,  0.000000 
 8521216.000000, 0.342174 , 4.467400, -2.246860, 6940356096.000000, 66.220001,  -98.910004,  -46.619999, 0.000000,  0.000000 
 8542208.000000, 8.422735 , 4.972286, -1.557728, 6940376064.000000, 79.800003,  -160.440002,  -10.430000, 0.000000,  0.000000 
 8561152.000000, 12.440285 , 4.079762, 0.689133, 6940396544.000000, 23.170000,  -186.059998,  16.309999, 0.000000,  0.000000 
 8581632.000000, 5.735595 , 0.899701, 1.911865, 6940416000.000000, -65.379997,  -104.650002,  22.260000, 0.000000,  0.000000 
 8601088.000000, -0.801596 , -1.177269, 1.557728, 6940435968.000000, -74.690002,  49.630001,  -23.170000, 0.000000,  0.000000 
 8621568.000000, -3.359523 , -2.694318, 1.631905, 6940455936.000000, -49.840000,  122.779999,  -45.849998, 0.000000,  0.000000 
 8642048.000000, -3.065206 , -3.929015, 1.811367, 6940475904.000000, -32.689999,  93.449997,  20.510000, 0.000000,  0.000000 
 8661504.000000, -2.285146 , -2.699104, 1.636691, 6940496384.000000, 15.820000,  19.809999,  67.199997, 0.000000,  0.000000 
 8681472.000000, -1.043271 , -0.629312, -0.677169, 6940515840.000000, 61.599998,  -31.850000,  65.379997, 0.000000,  0.000000 
 8701440.000000, 0.875773 , 1.091127, -2.237289, 6940536320.000000, 75.389999,  -62.439999,  57.750000, 0.000000,  0.000000 
 8721408.000000, 2.579463 , 1.170090, -0.942772, 6940555776.000000, 12.530000,  -84.840004,  40.250000, 0.000000,  0.000000 
 8741888.000000, 2.543570 , -1.009771, 0.440279, 6940575744.000000, -99.680000,  -73.919998,  15.750000, 0.000000,  0.000000 
 8761344.000000, 1.016950 , -2.366502, 0.825524, 6940596224.000000, -170.380005,  -33.389999,  -16.590000, 0.000000,  0.000000 
 8781312.000000, -0.062213 , -2.335395, 1.002593, 6940615680.000000, -150.990005,  3.430000,  -41.790001, 0.000000,  0.000000 
 8801280.000000, -0.428315 , -1.392623, 1.323231, 6940636160.000000, -76.930000,  17.500000,  -36.610001, 0.000000,  0.000000 
 8821248.000000, -0.780060 , -0.775275, 1.301696, 6940655616.000000, -0.490000,  9.450000,  -15.540000, 0.000000,  0.000000 
 8843776.000000, -1.794617 , -0.679562, 1.646262, 6940675584.000000, 45.639999,  10.780000,  -5.810000, 0.000000,  0.000000 
 8861184.000000, -3.943372 , -0.023928, 2.117648, 6940698112.000000, 75.529999,  20.230000,  -2.800000, 0.000000,  0.000000 
 8881664.000000, -7.051648 , 1.033699, 0.650848, 6940715520.000000, 99.120003,  25.620001,  -2.940000, 0.000000,  0.000000 
 8901120.000000, -14.926428 , 0.942772, -0.808774, 6940736000.000000, 86.800003,  33.810001,  5.390000, 0.000000,  0.000000 
 8921088.000000, -73.395050 , 2.792424, 0.885344, 6940755456.000000, 5.460000,  105.840004,  25.129999, 0.000000,  0.000000 
 8941568.000000, -35.112278 , -9.817751, 3.718446, 6940775424.000000, -84.629997,  282.029999,  48.230000, 0.000000,  0.000000 
 8962048.000000, -13.741980 , -0.399601, 2.849852, 6940796416.000000, -9.310000,  -53.760002,  -62.650002, 0.000000,  0.000000 
 8981504.000000, -13.552947 , 3.058028, -0.696311, 6940816384.000000, -82.110001,  -36.330002,  153.089996, 0.000000,  0.000000 
 9001472.000000, -16.235302 , 4.543970, 4.776074, 6940835840.000000, 25.549999,  -26.320000,  -76.370003, 0.000000,  0.000000 
 9020928.000000, -19.568504 , 5.166104, 1.567299, 6940855808.000000, 104.019997,  -41.369999,  -162.610001, 0.000000,  0.000000 
 9041920.000000, -26.486153 , 6.589834, -6.151947, 6940875776.000000, 209.720001,  28.350000,  -79.029999, 0.000000,  0.000000 
 9061376.000000, -30.046673 , 4.962714, -11.272588, 6940896256.000000, 302.119995,  73.570000,  7.630000, 0.000000,  0.000000 
 9081344.000000, -25.459631 , 2.289931, -8.456236, 6940915712.000000, 244.649994,  29.120001,  101.150002, 0.000000,  0.000000 
 9101312.000000, -24.143581 , -0.866202, -11.246266, 6940935680.000000, 28.559999,  -53.270000,  116.270004, 0.000000,  0.000000 
 9121280.000000, -18.965511 , -5.010571, -3.570091, 6940955648.000000, -192.289993,  -22.750000,  94.919998, 0.000000,  0.000000 
 9141760.000000, -13.665410 , -7.353144, 1.217947, 6940975616.000000, -329.630005,  -18.969999,  -2.660000, 0.000000,  0.000000 
 9161216.000000, -11.732009 , -4.187439, 0.021535, 6940996096.000000, -198.589996,  3.990000,  -22.540001, 0.000000,  0.000000 
 9181184.000000, -11.854043 , 6.561120, 0.545564, 6941015552.000000, 110.389999,  21.139999,  -44.939999, 6941156352.000000,  1011.653870 
 9201152.000000, -6.757331 , 10.238889, -0.942772, 6941036032.000000, 265.510010,  17.290001,  -1.960000, 0.000000,  0.000000 
 9221120.000000, -1.012164 , 8.094919, 0.045464, 6941055488.000000, 243.320007,  -21.070000,  59.570000, 0.000000,  0.000000 
 9241600.000000, 5.060820 , 5.278566, 2.067399, 6941075456.000000, 106.750000,  -78.050003,  30.100000, 0.000000,  0.000000 
 9261056.000000, 7.180861 , 2.857030, 1.686940, 6941095936.000000, -40.110001,  -77.070000,  6.160000, 0.000000,  0.000000 
 9281536.000000, 3.979264 , 1.277767, 3.708875, 6941115392.000000, -126.279999,  -25.340000,  0.630000, 0.000000,  0.000000 
 9300992.000000, 0.334995 , -0.272782, 4.161119, 6941135872.000000, -116.059998,  20.440001,  -22.049999, 0.000000,  0.000000 
 9320960.000000, 0.368495 , -1.052842, 3.000600, 6941155840.000000, -44.869999,  37.730000,  -31.639999, 0.000000,  0.000000 
 9341440.000000, 2.335395 , 0.837488, 3.139383, 6941175296.000000, 40.459999,  4.130000,  9.940000, 0.000000,  0.000000 
 9360896.000000, 1.835295 , 0.299103, 2.141576, 6941196288.000000, 86.099998,  -28.770000,  64.540001, 0.000000,  0.000000 
 9381376.000000, -0.634098 , -0.519243, 1.088734, 6941215744.000000, 86.449997,  -7.560000,  72.660004, 0.000000,  0.000000 
 9400832.000000, -1.227518 , -0.902094, 0.366102, 6941235712.000000, 28.000000,  10.710000,  56.420002, 0.000000,  0.000000 
 9420800.000000, -0.083749 , -1.579263, -0.983450, 6941255680.000000, -32.970001,  -9.310000,  67.199997, 0.000000,  0.000000 
 9441792.000000, 1.897508 , -2.041078, -0.827917, 6941275648.000000, -84.769997,  -47.459999,  54.740002, 0.000000,  0.000000 
 9461248.000000, 2.859423 , -2.476572, 0.107677, 6941315584.000000, -138.529999,  -55.720001,  37.660000, 0.000000,  0.000000 
 9481216.000000, 1.919044 , -2.775674, 0.562313, 0.000000, 0.000000,  0.000000,  0.000000, 0.000000,  0.000000 
 9501184.000000, 0.267996 , -1.782653, 0.181855, 6941335552.000000, -112.279999,  -23.940001,  13.230000, 0.000000,  0.000000 
 9520640.000000, -1.186840 , -1.136591, -0.315853, 6941355520.000000, -94.779999,  -13.370000,  2.240000, 0.000000,  0.000000 
 9541632.000000, -3.220739 , -1.452443, 1.038485, 6941375488.000000, -76.160004,  -11.200000,  -6.370000, 0.000000,  0.000000 
 9561088.000000, -4.496114 , -1.670190, 1.892723, 6941395968.000000, -97.650002,  -13.650000,  -16.450001, 0.000000,  0.000000 
 9581056.000000, -13.064812 , -0.875773, -0.397209, 6941415424.000000, -122.500000,  -2.870000,  -24.990000, 0.000000,  0.000000 
 9601024.000000, -20.977875 , 0.327817, -2.373680, 6941435904.000000, -108.010002,  27.090000,  -24.850000, 0.000000,  0.000000 
 9620992.000000, -64.735428 , 0.569492, -13.619946, 6941455360.000000, -103.809998,  140.630005,  14.910000, 0.000000,  0.000000 
 9641472.000000, -31.353155 , -4.965107, 6.508478, 6941475328.000000, -109.410004,  220.360001,  40.810001, 0.000000,  0.000000 
 9660928.000000, -16.254444 , 1.244268, 7.252645, 6941495808.000000, -166.809998,  -21.910000,  -45.430000, 0.000000,  0.000000 
 9680896.000000, -18.116060 , 2.261217, 5.836094, 6941515264.000000, -174.649994,  61.320000,  49.980000, 0.000000,  0.000000 
 9700864.000000, -28.331018 , 6.795617, 5.771489, 6941535744.000000, 28.139999,  67.340004,  -121.099998, 0.000000,  0.000000 
 9720832.000000, -28.622946 , 13.241880, -2.385644, 6941555200.000000, 158.479996,  60.480000,  -157.779999, 0.000000,  0.000000 
 9741312.000000, -28.826332 , 10.748559, -7.166504, 6941575168.000000, 262.989990,  13.510000,  -40.180000, 0.000000,  0.000000 
 9760768.000000, -26.182266 , 1.627119, -5.577669, 6941595648.000000, 193.830002,  -5.110000,  28.070000, 0.000000,  0.000000 
 9781248.000000, -16.218552 , -2.699104, -3.345166, 6941615104.000000, 21.840000,  9.310000,  19.110001, 0.000000,  0.000000 
 9800704.000000, -22.679173 , -5.111069, 2.569891, 6941635584.000000, -66.849998,  -6.860000,  -3.710000, 0.000000,  0.000000 
 9820672.000000, -22.825136 , 1.284946, -1.464408, 6941655040.000000, -11.060000,  74.199997,  -101.849998, 0.000000,  0.000000 
 9843200.000000, -11.803794 , 4.979464, -0.653241, 6941675008.000000, 148.119995,  48.860001,  -48.650002, 0.000000,  0.000000 
 9860608.000000, -5.443672 , 3.811767, 0.945165, 6941697536.000000, 165.619995,  -93.940002,  33.389999, 0.000000,  0.000000 
 9881088.000000, -2.026721 , 3.907479, 1.246661, 6941715456.000000, 79.379997,  -134.050003,  -4.900000, 0.000000,  0.000000 
 9900544.000000, 2.333002 , 3.431308, 1.730011, 6941735424.000000, 28.700001,  -117.250000,  -75.040001, 0.000000,  0.000000 
 9920512.000000, 6.790830 , 3.641876, 0.002393, 6941755392.000000, -6.300000,  -99.400002,  -34.299999, 0.000000,  0.000000 
 9940992.000000, 6.360123 , 2.557927, -0.806381, 6941775360.000000, -11.900000,  -59.849998,  52.080002, 0.000000,  0.000000 
 9960448.000000, 3.314059 , 0.827917, -0.052642, 6941795840.000000, -35.070000,  -27.299999,  23.940001, 0.000000,  0.000000 
 9980928.000000, 1.897508 , -0.770489, 1.045663, 6941815296.000000, -90.720001,  14.070000,  -11.060000, 0.000000,  0.000000 
 10000384.000000, 0.756132 , -1.981257, 1.160519, 6941835264.000000, -91.070000,  23.660000,  9.940000, 0.000000,  0.000000 
 10020352.000000, -0.851845 , -2.024328, 1.036092, 6941855232.000000, -46.480000,  41.650002,  36.889999, 0.000000,  0.000000 
 10041344.000000, -1.268196 , -1.529014, 0.504886, 6941875200.000000, 4.690000,  38.290001,  39.340000, 0.000000,  0.000000 
 10060800.000000, -0.031107 , -0.734596, -0.284746, 6941895680.000000, 28.070000,  13.650000,  44.380001, 0.000000,  0.000000 
 10080768.000000, 2.079363 , -0.354138, -0.734596, 6941915136.000000, 30.870001,  -20.790001,  46.410000, 0.000000,  0.000000 
 10100736.000000, 3.108276 , -0.545564, -0.803988, 6941935104.000000, 11.340000,  -45.849998,  46.410000, 0.000000,  0.000000 
 10120704.000000, 1.866402 , -1.488336, -0.354138, 6941955072.000000, -22.260000,  -35.770000,  42.980000, 0.000000,  0.000000 
 10141184.000000, 0.557528 , -1.909473, -0.287139, 6941975040.000000, -39.340000,  -5.740000,  27.020000, 0.000000,  0.000000 
 10160640.000000, 0.303888 , -1.435694, -0.229711, 6942014976.000000, -20.299999,  -6.720000,  22.469999, 0.000000,  0.000000 
 10180608.000000, 0.119641 , -0.969093, 0.504886, 0.000000, 0.000000,  0.000000,  0.000000, 6942155776.000000,  1011.653870 
 10200576.000000, -1.359123 , -1.048056, 1.210768, 6942035456.000000, -34.509998,  -7.140000,  13.440001, 0.000000,  0.000000 
 10220544.000000, -3.998406 , 0.117248, 1.397408, 6942054912.000000, -46.060001,  14.210000,  -1.400000, 0.000000,  0.000000 
 10241024.000000, -6.613762 , 0.466600, -0.198604, 6942074880.000000, -49.700001,  31.500000,  -14.210000, 0.000000,  0.000000 
 10260480.000000, -13.866407 , -0.227318, 0.433101, 6942095360.000000, -75.529999,  29.260000,  -18.760000, 0.000000,  0.000000 
 10280960.000000, -50.979088 , -0.705883, 5.836094, 6942114816.000000, -143.080002,  83.160004,  -4.480000, 0.000000,  0.000000 
 10300416.000000, -43.870010 , -7.147361, 4.163511, 6942135296.000000, -144.130005,  234.360001,  111.090004, 0.000000,  0.000000 
 10320384.000000, -16.426727 , 2.526821, 4.649254, 6942154752.000000, 74.620003,  92.820000,  -11.550000, 0.000000,  0.000000 
 10340864.000000, -21.114265 , 3.148954, 0.370888, 6942174720.000000, -3.080000,  75.320000,  196.699997, 0.000000,  0.000000 
 10360320.000000, -34.473396 , 1.631905, 6.130411, 6942195712.000000, 55.439999,  41.090000,  -64.470001, 0.000000,  0.000000 
 10380800.000000, -30.683165 , 5.922236, 4.457829, 6942214656.000000, 51.799999,  -34.230000,  -189.770004, 0.000000,  0.000000 
 10400256.000000, -19.850857 , 10.738988, -2.646462, 6942235136.000000, 172.619995,  -60.060001,  -121.379997, 0.000000,  0.000000 
 10420224.000000, -18.010777 , 9.147761, -8.487342, 6942255104.000000, 242.479996,  -43.820000,  7.350000, 0.000000,  0.000000 
 10440704.000000, -28.086952 , 1.040878, -5.099105, 6942275072.000000, 111.790001,  -40.740002,  74.199997, 0.000000,  0.000000 
 10460160.000000, -18.714266 , -6.104091, -4.768896, 6942295552.000000, -132.930008,  18.690001,  67.269997, 0.000000,  0.000000 
 10480640.000000, -11.827723 , -5.699703, -1.835295, 6942315008.000000, -202.300003,  -5.670000,  -32.970001, 0.000000,  0.000000 
 10500096.000000, -13.799409 , -3.893122, 2.117648, 6942334976.000000, -144.199997,  0.560000,  -57.260002, 0.000000,  0.000000 
 10520064.000000, -12.067005 , -0.145962, 0.038285, 6942354944.000000, 57.119999,  17.430000,  -101.989998, 0.000000,  0.000000 
 10541056.000000, -7.424929 , 5.065606, -1.117448, 6942374912.000000, 243.740005,  24.080000,  -33.880001, 0.000000,  0.000000 
 10560512.000000, -2.608176 , 7.810174, -0.576670, 6942395392.000000, 267.540009,  -26.110001,  32.480000, 0.000000,  0.000000 
 10580480.000000, 4.130012 , 4.800002, -0.969093, 6942414848.000000, 127.750000,  -81.340004,  7.630000, 0.000000,  0.000000 
 10600448.000000, 9.530612 , 2.325824, -0.571885, 6942434816.000000, -25.200001,  -105.910004,  -26.250000, 0.000000,  0.000000 
 10620416.000000, 10.475778 , 0.717847, 1.914258, 6942454784.000000, -121.169998,  -82.250000,  -14.770000, 0.000000,  0.000000 
 10640896.000000, 4.541577 , 0.052642, 2.610569, 6942474752.000000, -118.860001,  -6.090000,  27.440001, 0.000000,  0.000000 
 10660352.000000, 0.239282 , 0.284746, 2.163112, 6942495232.000000, -38.849998,  95.900002,  -48.439999, 0.000000,  0.000000 
 10680320.000000, -0.705883 , -0.416351, 2.160719, 6942514688.000000, 15.050000,  107.660004,  -39.200001, 0.000000,  0.000000 
 10700288.000000, -1.179662 , -1.471586, 3.026921, 6942535168.000000, 18.969999,  73.989998,  25.620001, 0.000000,  0.000000 
 10720256.000000, -1.832902 , -2.249253, 3.012564, 6942554624.000000, -0.840000,  43.610001,  43.750000, 0.000000,  0.000000 
 10740736.000000, -1.624727 , -1.648655, 1.488336, 6942574592.000000, -7.210000,  28.559999,  45.709999, 0.000000,  0.000000 
 10760192.000000, 0.660419 , -0.272782, 0.528814, 6942595072.000000, -6.720000,  6.580000,  36.750000, 0.000000,  0.000000 
 10780672.000000, 3.531806 , -0.208176, 0.713061, 6942614528.000000, -0.770000,  -36.259998,  31.430000, 0.000000,  0.000000 
 10800128.000000, 3.452843 , -0.878166, 1.952543, 6942635008.000000, -13.440001,  -54.320000,  33.599998, 0.000000,  0.000000 
 10820096.000000, 0.256032 , -1.531406, 2.203789, 6942654464.000000, -36.189999,  -14.000000,  22.190001, 0.000000,  0.000000 
 10842624.000000, -2.213361 , -1.457229, 0.832702, 6942674432.000000, -6.090000,  43.959999,  -3.290000, 0.000000,  0.000000 
 10860032.000000, -2.761317 , -0.497707, 0.990629, 6942696960.000000, 54.389999,  42.490002,  -15.680000, 0.000000,  0.000000 
 10880512.000000, -2.199004 , 0.524028, 2.478964, 6942714368.000000, 83.790001,  -3.850000,  -1.540000, 0.000000,  0.000000 
 10899968.000000, -5.125426 , 0.973879, 2.782853, 6942734848.000000, 74.410004,  -25.760000,  12.180000, 0.000000,  0.000000 
 10919936.000000, -16.194624 , 0.174676, 0.169890, 6942754816.000000, 66.430000,  -4.690000,  5.390000, 0.000000,  0.000000 
 10940416.000000, -66.290756 , 1.153341, -2.988636, 6942774784.000000, 49.139999,  107.800003,  23.660000, 0.000000,  0.000000 
 10959872.000000, -28.819157 , -4.299902, 4.067799, 6942795264.000000, 30.309999,  212.589996,  76.860001, 0.000000,  0.000000 
 10980352.000000, -21.442083 , 1.538585, -4.677969, 6942814720.000000, 88.900002,  -45.220001,  -15.260000, 0.000000,  0.000000 
 10999808.000000, -26.443083 , 3.716053, -11.114661, 6942834688.000000, 65.029999,  17.500000,  123.410004, 0.000000,  0.000000 
 11019776.000000, -22.262821 , 4.759324, -2.242075, 6942854656.000000, 80.919998,  -64.610001,  -79.449997, 0.000000,  0.000000 
 11040768.000000, -27.613173 , 5.551349, -4.783253, 6942874624.000000, 24.500000,  -133.839996,  -84.139999, 0.000000,  0.000000 
 11060224.000000, -34.360931 , 7.386643, -17.391035, 6942895104.000000, 140.630005,  -43.610001,  -49.000000, 0.000000,  0.000000 
 11080192.000000, -24.792036 , 3.201597, -11.796617, 6942914560.000000, 192.710007,  30.100000,  71.330002, 0.000000,  0.000000 
 11100160.000000, -19.664217 , 0.272782, -8.719445, 6942935040.000000, -30.100000,  -36.470001,  88.410004, 0.000000,  0.000000 
 11120128.000000, -19.281364 , -1.660619, -5.017749, 6942954496.000000, -192.850006,  -34.720001,  25.900000, 0.000000,  0.000000 
 11140608.000000, -17.946171 , -2.555535, -2.129612, 6942974464.000000, -195.160004,  13.440001,  -48.020000, 0.000000,  0.000000 
 11160064.000000, -13.383057 , -0.753739, -0.394816, 6942994944.000000, -125.580002,  45.220001,  -36.959999, 0.000000,  0.000000 
 11180032.000000, -9.224331 , 1.902294, -0.380459, 6943014400.000000, 19.040001,  25.969999,  27.230000, 6943155200.000000,  1011.653442 
 11200000.000000, -5.510671 , 4.862216, 0.141177, 6943034880.000000, 132.440002,  -10.710000,  37.799999, 0.000000,  0.000000 
 11219968.000000, -0.729811 , 6.687939, 0.179462, 6943054336.000000, 117.040001,  -40.110001,  17.920000, 0.000000,  0.000000 
 11240448.000000, 7.489535 , 6.293124, -0.337388, 6943074304.000000, 67.269997,  -86.379997,  -3.010000, 0.000000,  0.000000 
 11259904.000000, 13.639089 , 4.551149, -1.923829, 6943094784.000000, 5.810000,  -127.540001,  4.550000, 0.000000,  0.000000 
 11280384.000000, 6.199803 , 1.622334, 1.275374, 6943114240.000000, -68.809998,  -89.459999,  52.150002, 0.000000,  0.000000 
 11299840.000000, -0.739382 , -0.789631, 1.854438, 6943134720.000000, -106.470001,  42.209999,  -13.580000, 0.000000,  0.000000 
 11319808.000000, -0.837488 , -2.545963, 0.586242, 6943154176.000000, -57.610001,  97.650002,  -41.790001, 0.000000,  0.000000 
 11340288.000000, 2.701497 , -1.775474, 1.198804, 6943174144.000000, -1.260000,  60.410000,  36.889999, 0.000000,  0.000000 
 11359744.000000, 4.259224 , -0.717847, 1.045663, 6943195136.000000, 15.050000,  2.520000,  92.330002, 0.000000,  0.000000 
 11380224.000000, 0.801596 , -1.318445, 0.777667, 6943214080.000000, 2.170000,  23.240000,  90.790001, 0.000000,  0.000000 
 11399680.000000, -1.239482 , -2.457429, 0.760918, 6943234560.000000, -38.709999,  72.449997,  43.259998, 0.000000,  0.000000 
 11419648.000000, 0.162712 , -3.550949, 0.717847, 6943254528.000000, -67.340004,  79.029999,  37.029999, 0.000000,  0.000000 
 11440128.000000, 2.074577 , -3.586841, 1.007378, 6943274496.000000, -115.430000,  42.560001,  47.250000, 0.000000,  0.000000 
 11459584.000000, 2.038685 , -3.127419, 1.205983, 6943294976.000000, -137.199997,  0.630000,  52.639999, 0.000000,  0.000000 
 11480064.000000, 0.047856 , -3.215954, 1.596013, 6943314432.000000, -146.369995,  0.700000,  34.299999, 0.000000,  0.000000 
 11499520.000000, -1.016950 , -3.491128, 2.191825, 6943334400.000000, -138.880005,  22.049999,  -4.690000, 0.000000,  0.000000 
 11519488.000000, -2.694318 , -3.888337, 3.273381, 6943354368.000000, -120.889999,  33.670002,  -29.889999, 0.000000,  0.000000 
 11540480.000000, -4.163511 , -2.500499, 2.533999, 6943374336.000000, -73.080002,  34.930000,  -32.270000, 0.000000,  0.000000 
 11559936.000000, -7.353144 , 0.586242, 1.907080, 6943394816.000000, 6.720000,  36.750000,  -26.250000, 0.000000,  0.000000 
 11579904.000000, -16.960327 , 4.965107, 1.086342, 6943414272.000000, 80.570000,  39.970001,  -27.650000, 0.000000,  0.000000 
 11599872.000000, -65.905518 , 6.618547, 1.560120, 6943434752.000000, 68.529999,  71.750000,  -3.150000, 0.000000,  0.000000 
 11619840.000000, -49.356754 , -6.812366, -2.392823, 6943454208.000000, 35.420002,  193.410004,  130.899994, 0.000000,  0.000000 
 11640320.000000, -23.318056 , 4.742575, -7.293324, 6943474176.000000, 148.470001,  3.010000,  -89.529999, 0.000000,  0.000000 
 11659776.000000, -25.789843 , 13.773087, -10.365707, 6943494656.000000, 94.779999,  23.730000,  42.910000, 0.000000,  0.000000 
 11679744.000000, -33.030521 , 10.932807, -9.348758, 6943514112.000000, 208.529999,  -63.840000,  -133.000000, 0.000000,  0.000000 
 11699712.000000, -20.427526 , 11.432907, -7.410572, 6943534592.000000, 191.029999,  -93.870003,  -153.440002, 0.000000,  0.000000 
 11719680.000000, -14.892928 , 10.351351, -9.164511, 6943554048.000000, 175.000000,  -100.309998,  1.260000, 0.000000,  0.000000 
 11740160.000000, -13.454842 , 4.376472, -6.553941, 6943574016.000000, 112.980003,  -20.650000,  92.680000, 0.000000,  0.000000 
 11759616.000000, -12.009576 , -1.368695, -3.507878, 6943594496.000000, -131.460007,  21.629999,  15.540000, 0.000000,  0.000000 
 11780096.000000, -8.788837 , -4.395615, 1.249053, 6943613952.000000, -270.690002,  46.130001,  -70.629997, 0.000000,  0.000000 
 11799552.000000, -5.391029 , -2.612962, 3.684947, 6943634432.000000, -188.229996,  21.910000,  -101.570000, 0.000000,  0.000000 
 11819520.000000, -1.493121 , 1.414158, 1.411765, 6943653888.000000, 8.190000,  -62.299999,  -67.760002, 0.000000,  0.000000 
 11842048.000000, 4.852644 , 3.594020, -1.296910, 6943673856.000000, 145.949997,  -113.540001,  1.820000, 0.000000,  0.000000 
 11859456.000000, 12.031113 , 6.204589, -2.012364, 6943696384.000000, 213.430008,  -132.720001,  62.720001, 0.000000,  0.000000 
 11879936.000000, 8.729016 , 5.809773, -0.406780, 6943714304.000000, 182.000000,  -118.650002,  49.070000, 0.000000,  0.000000 
 11899392.000000, 1.861616 , 3.381058, 1.371087, 6943734272.000000, 65.940002,  18.690001,  -0.420000, 0.000000,  0.000000 
 11919360.000000, -0.803988 , 1.418944, 0.839881, 6943754240.000000, -16.170000,  122.639999,  -13.090000, 0.000000,  0.000000 
 11940352.000000, 0.418744 , -1.127020, 1.335195, 6943774208.000000, -72.169998,  94.080002,  8.680000, 0.000000,  0.000000 
 11959296.000000, 1.921437 , -2.852244, 2.153540, 6943794688.000000, -104.019997,  25.690001,  42.279999, 0.000000,  0.000000 
 11979776.000000, 1.694118 , -2.785245, 2.309074, 6943814144.000000, -114.940002,  -5.180000,  57.470001, 0.000000,  0.000000 
 11999232.000000, 0.382852 , -2.256432, 1.703690, 6943834112.000000, -104.720001,  7.560000,  46.270000, 0.000000,  0.000000 
 12019200.000000, -0.535992 , -2.545963, 1.402194, 6943854080.000000, -82.389999,  12.600000,  23.240000, 0.000000,  0.000000 
 12040192.000000, -0.957129 , -2.713461, 2.105684, 6943874048.000000, -81.480003,  2.240000,  12.460000, 0.000000,  0.000000 
 12059648.000000, -1.038485 , -2.986243, 2.804388, 6943894528.000000, -87.989998,  -6.160000,  12.180000, 0.000000,  0.000000 
 12079616.000000, -1.830509 , -2.806781, 2.502892, 6943913984.000000, -59.570000,  -9.100000,  10.780000, 0.000000,  0.000000 
 12099584.000000, -4.213760 , -1.612763, 0.617348, 6943934464.000000, -0.140000,  -6.300000,  -0.280000, 0.000000,  0.000000 
 12119552.000000, -8.712267 , -0.435494, 0.339781, 6943953920.000000, 52.150002,  14.910000,  -10.710000, 0.000000,  0.000000 
 12140032.000000, -23.353949 , 1.351945, 2.364109, 6943973888.000000, 72.870003,  59.290001,  -6.020000, 0.000000,  0.000000 
 12159488.000000, -72.646095 , 3.613162, -19.774286, 6944013824.000000, 135.240005,  177.029999,  105.349998, 6944154624.000000,  1011.654663 
 12179456.000000, -26.486153 , 3.160919, -5.929415, 0.000000, 0.000000,  0.000000,  0.000000, 0.000000,  0.000000 
 12199424.000000, -25.091137 , 4.697111, -7.085148, 6944034304.000000, -12.880000,  -55.020000,  21.700001, 0.000000,  0.000000 
 12219392.000000, -25.770700 , 2.301895, -2.768496, 6944053760.000000, -100.519997,  -20.790001,  -101.080002, 0.000000,  0.000000 
 12239872.000000, -26.660830 , 8.267202, -7.377072, 6944074240.000000, 10.430000,  -56.349998,  -208.180008, 0.000000,  0.000000 
 12259328.000000, -22.628923 , 15.000606, -10.628918, 6944094208.000000, 207.130005,  -48.160000,  -123.830002, 0.000000,  0.000000 
 12279808.000000, -18.288343 , 9.466006, -8.539984, 6944113664.000000, 268.799988,  -57.750000,  60.340000, 0.000000,  0.000000 
 12299264.000000, -14.091332 , 2.773281, -6.587440, 6944134144.000000, 83.650002,  -6.860000,  98.209999, 0.000000,  0.000000 
 12319232.000000, -12.102897 , -0.399601, -3.737589, 6944153600.000000, -151.410004,  19.530001,  17.639999, 0.000000,  0.000000 
 12339712.000000, -11.681760 , -2.421536, 1.710868, 6944173568.000000, -242.130005,  33.529999,  -35.139999, 0.000000,  0.000000 
 12359168.000000, -9.501899 , -3.385844, 4.357330, 6944194560.000000, -206.850006,  53.970001,  -70.699997, 0.000000,  0.000000 
 12379648.000000, -4.981857 , 0.303888, 1.667797, 6944214016.000000, -17.920000,  14.140000,  -55.439999, 0.000000,  0.000000 
 12399104.000000, 0.734596 , 2.790031, -0.547956, 6944233984.000000, 145.180008,  -58.590000,  -22.540001, 0.000000,  0.000000 
 12419072.000000, 9.678967 , 3.148954, -0.880559, 6944253952.000000, 192.500000,  -138.320007,  -13.160000, 0.000000,  0.000000 
 12440064.000000, 13.624733 , 2.919244, -0.789631, 6944273920.000000, 154.419998,  -172.339996,  -28.840000, 0.000000,  0.000000 
 12459008.000000, 4.907679 , 1.763510, 0.567099, 6944294400.000000, 53.619999,  -85.820000,  -6.510000, 0.000000,  0.000000 
 12479488.000000, -1.421337 , 0.602991, 0.100499, 6944313856.000000, -24.570000,  82.180000,  -72.940002, 0.000000,  0.000000 
 12498944.000000, -1.402194 , -1.562513, 0.062213, 6944333824.000000, -85.680000,  104.300003,  -74.550003, 0.000000,  0.000000 
 12519424.000000, 0.856631 , -3.754339, -0.169890, 6944353792.000000, -130.899994,  54.459999,  12.390000, 0.000000,  0.000000 
 12539904.000000, 1.935793 , -4.024727, -1.021735, 6944373760.000000, -103.180000,  12.810000,  59.779999, 0.000000,  0.000000 
 12559360.000000, 0.593420 , -2.251646, 1.045663, 6944394240.000000, -41.230000,  14.350000,  68.459999, 0.000000,  0.000000 
 12579328.000000, -1.552942 , -1.610370, 0.966700, 6944413696.000000, 5.040000,  54.950001,  42.560001, 0.000000,  0.000000 
 12599296.000000, -2.782853 , -0.806381, 0.366102, 6944434176.000000, 40.810001,  82.739998,  13.580000, 0.000000,  0.000000 
 12619264.000000, -2.933600 , 0.066999, 0.311067, 6944453632.000000, 58.730000,  65.169998,  -7.490000, 0.000000,  0.000000 
 12639744.000000, -2.782853 , 0.787239, 0.882952, 6944473600.000000, 49.560001,  25.760000,  -28.630001, 0.000000,  0.000000 
 12659200.000000, -3.498307 , 1.904687, 2.598605, 6944494080.000000, 28.000000,  0.980000,  -50.750000, 0.000000,  0.000000 
 12679168.000000, -6.800402 , 3.117848, 0.174676, 6944513536.000000, 30.030001,  -8.750000,  -56.349998, 0.000000,  0.000000 
 12699136.000000, -19.676180 , 3.613162, -3.069991, 6944534016.000000, 50.259998,  3.430000,  -41.230000, 0.000000,  0.000000 
 12719104.000000, -66.147194 , 4.512863, -20.183458, 6944553472.000000, 35.560001,  125.510002,  33.810001, 0.000000,  0.000000 
 12739584.000000, -25.067209 , -3.460021, -9.449257, 6944573440.000000, 17.219999,  215.250000,  148.259995, 0.000000,  0.000000 
 12759040.000000, -28.165915 , 1.545763, -12.617353, 6944593920.000000, 8.540000,  -35.910000,  22.750000, 0.000000,  0.000000 
 12779520.000000, -36.966717 , -1.316052, -18.874584, 6944613376.000000, -71.190002,  11.620000,  67.129997, 0.000000,  0.000000 
 12798976.000000, -23.274986 , 2.993421, -11.971292, 6944633856.000000, 5.600000,  -54.810001,  -89.529999, 0.000000,  0.000000 
 12818944.000000, -21.219549 , 3.665804, -12.172288, 6944653312.000000, -62.090000,  -109.760002,  -56.700001, 0.000000,  0.000000 
 12841472.000000, -18.422340 , 1.713261, -9.186047, 6944673280.000000, -72.590004,  -30.100000,  -47.389999, 0.000000,  0.000000 
 12858880.000000, -13.880764 , -0.222532, -1.593620, 6944696320.000000, -153.229996,  11.410000,  -43.540001, 0.000000,  0.000000 
 12879360.000000, -9.473185 , -1.277767, 2.098505, 6944713728.000000, -185.570007,  -11.340000,  -25.620001, 0.000000,  0.000000 
 12898816.000000, -5.010571 , -1.966900, 4.244867, 6944733696.000000, -156.869995,  -18.129999,  -25.410000, 0.000000,  0.000000 
 12918784.000000, -0.509671 , -0.380459, 5.438886, 6944753664.000000, -78.889999,  -52.570000,  -39.970001, 0.000000,  0.000000 
 12939776.000000, 6.233303 , 1.033699, 3.814159, 6944773632.000000, 28.630001,  -101.010002,  -33.320000, 0.000000,  0.000000 
 12958720.000000, 13.904692 , 3.775874, 1.055235, 6944794112.000000, 156.660004,  -101.220001,  21.070000, 0.000000,  0.000000 
 12979200.000000, 10.078569 , 5.266603, 1.569692, 6944813568.000000, 200.479996,  -64.190002,  103.879997, 0.000000,  0.000000 
 12999168.000000, 1.866402 , 4.405186, 2.864209, 6944833536.000000, 160.089996,  28.210001,  35.139999, 0.000000,  0.000000 
 13019136.000000, -1.643869 , 1.282553, 2.361716, 6944853504.000000, 69.160004,  89.040001,  35.139999, 0.000000,  0.000000 
 13039616.000000, -2.230111 , -1.368695, 2.938386, 6944873472.000000, -36.750000,  52.920002,  59.849998, 0.000000,  0.000000 
 13059072.000000, -1.966900 , -3.512664, 2.754139, 6944893952.000000, -102.970001,  4.690000,  87.080002, 0.000000,  0.000000 
 13079040.000000, -1.782653 , -4.338188, 2.797210, 6944913408.000000, -105.980003,  -25.129999,  90.440002, 0.000000,  0.000000 
 13099008.000000, -1.598405 , -3.323631, 2.555535, 6944933888.000000, -61.670002,  -44.240002,  81.410004, 0.000000,  0.000000 
 13118976.000000, -0.887737 , -2.443072, 1.856830, 6944953344.000000, -12.880000,  -55.090000,  64.400002, 0.000000,  0.000000 
 13139456.000000, 0.210568 , -2.490928, 1.832902, 6944973312.000000, 14.140000,  -73.360001,  38.709999, 0.000000,  0.000000 
 13158912.000000, -0.380459 , -2.093720, 3.292524, 6945013248.000000, 35.700001,  -87.010002,  -6.580000, 6945154048.000000,  1011.657471 
 13179392.000000, -3.629912 , -0.416351, 4.007978, 0.000000, 0.000000,  0.000000,  0.000000, 0.000000,  0.000000 
 13198848.000000, -9.401401 , 0.129212, 3.761517, 6945033728.000000, 59.639999,  -66.430000,  -28.350000, 0.000000,  0.000000 
 13218816.000000, -37.450066 , 2.730211, 13.648660, 6945053184.000000, 41.230000,  -47.740002,  -27.930000, 0.000000,  0.000000 
 13239296.000000, -65.331238 , -10.016356, -6.324231, 6945073152.000000, -56.560001,  91.419998,  38.920002, 0.000000,  0.000000 
 13258752.000000, -20.860628 , -2.084148, 4.567898, 6945093632.000000, 17.920000,  80.290001,  -157.360001, 0.000000,  0.000000 
 13279232.000000, -27.632313 , 1.162912, 7.252645, 6945113088.000000, -166.669998,  -120.750000,  76.230003, 0.000000,  0.000000 
 13298688.000000, -30.900911 , 1.086342, 7.348359, 6945133568.000000, -24.010000,  -184.100006,  -162.330002, 0.000000,  0.000000 
 13318656.000000, -28.149164 , 6.285945, 4.809574, 6945153024.000000, 73.290001,  -207.339996,  -240.029999, 0.000000,  0.000000 
 13339136.000000, -20.240887 , 11.621940, 2.742175, 6945172992.000000, 222.669998,  -215.740005,  -204.539993, 0.000000,  0.000000 
 13358592.000000, -14.055440 , 10.181459, 2.031506, 6945193984.000000, 340.130005,  -205.309998,  -85.540001, 0.000000,  0.000000 
 13379072.000000, -11.971292 , 4.704289, 3.038885, 6945213440.000000, 299.459991,  -202.369995,  4.830000, 0.000000,  0.000000 
 13398528.000000, -11.466407 , 2.143969, 3.984050, 6945233408.000000, 128.309998,  -176.470001,  17.080000, 0.000000,  0.000000 
 13418496.000000, -9.951750 , -1.471586, 4.508078, 6945253376.000000, -17.080000,  -149.309998,  2.310000, 0.000000,  0.000000 
 13439488.000000, -6.831509 , -1.131805, 2.847459, 6945273344.000000, -15.750000,  -152.600006,  -18.760000, 0.000000,  0.000000 
 13458432.000000, -3.646662 , -0.074178, 1.780260, 6945293824.000000, 40.529999,  -202.300003,  -44.099998, 0.000000,  0.000000 
 13478912.000000, -0.772882 , -0.942772, 0.401994, 6945313280.000000, 69.650002,  -261.589996,  -60.200001, 0.000000,  0.000000 
 13498880.000000, 0.820738 , -1.885544, -0.382852, 6945333248.000000, 85.750000,  -287.559998,  -73.430000, 0.000000,  0.000000 
 13518848.000000, 0.430708 , -1.892723, -0.143569, 6945353216.000000, 104.720001,  -293.019989,  -76.580002, 0.000000,  0.000000 
 13539328.000000, -1.514657 , -0.380459, 0.602991, 6945373184.000000, 131.880005,  -261.940002,  -70.070000, 0.000000,  0.000000 
 13558784.000000, -3.242275 , 0.325424, -0.358923, 6945393664.000000, 144.690002,  -210.559998,  -49.070000, 0.000000,  0.000000 
 13578752.000000, -3.263810 , -0.406780, -0.155533, 6945413120.000000, 131.110001,  -194.110001,  -22.260000, 0.000000,  0.000000 
 13598720.000000, -2.634498 , -1.292124, 0.930808, 6945433600.000000, 74.970001,  -207.479996,  -4.130000, 0.000000,  0.000000 
 13618688.000000, -2.541178 , -1.813759, 1.380659, 6945453056.000000, 29.540001,  -223.790009,  0.070000, 0.000000,  0.000000 
 13639168.000000, -2.974278 , -1.079163, 1.493121, 6945473024.000000, 43.119999,  -222.600006,  0.350000, 0.000000,  0.000000 
 13658624.000000, -2.813959 , 0.210568, 2.959922, 6945493504.000000, 68.949997,  -222.880005,  -5.250000, 0.000000,  0.000000 
 13679104.000000, -2.349752 , 0.160319, 5.553742, 6945512960.000000, 77.489998,  -237.790009,  2.940000, 0.000000,  0.000000 
 13698560.000000, 0.191426 , 0.614955, 6.924829, 6945533440.000000, 82.110001,  -233.589996,  -3.570000, 0.000000,  0.000000 
 13718528.000000, 1.674976 , 5.895915, 11.913863, 6945552896.000000, 125.300003,  -224.139999,  -18.129999, 0.000000,  0.000000 
 13739008.000000, 2.364109 , 5.486742, 6.443871, 6945572864.000000, 78.400002,  -206.360001,  20.299999, 0.000000,  0.000000 
 13758464.000000, 1.883151 , 0.744168, 12.320643, 6945593856.000000, -107.730003,  -48.860001,  95.129997, 0.000000,  0.000000 
 13778944.000000, 1.031307 , 5.560920, 15.680167, 6945612800.000000, -272.369995,  12.180000,  -13.580000, 0.000000,  0.000000 
 13798400.000000, -4.462614 , -7.685746, 16.094126, 6945633280.000000, -259.559998,  49.070000,  -125.440002, 0.000000,  0.000000 
 13818368.000000, -2.014757 , -5.407779, 19.171293, 6945652736.000000, -328.160004,  33.459999,  -459.339996, 0.000000,  0.000000 
 13840896.000000, 0.007178 , -0.378066, 17.381464, 6945673216.000000, -278.600006,  28.139999,  -88.970001, 0.000000,  0.000000 
 13858304.000000, 3.163311 , 0.629312, 11.858829, 6945695744.000000, -71.889999,  35.420002,  -62.860001, 0.000000,  0.000000 
 13878784.000000, 4.414758 , 2.160719, 8.626125, 6945713152.000000, 115.709999,  32.619999,  -8.540000, 0.000000,  0.000000 
 13898240.000000, 2.725425 , 5.338387, 6.427122, 6945733120.000000, 238.279999,  -3.430000,  -20.719999, 0.000000,  0.000000 
 13918208.000000, 1.986043 , 4.345366, 7.901100, 6945753088.000000, 176.750000,  -8.890000,  -9.730000, 0.000000,  0.000000 
 13939200.000000, 2.165504 , -0.878166, 9.047262, 6945773056.000000, 2.730000,  3.850000,  41.299999, 0.000000,  0.000000 
 13958144.000000, -0.839881 , -1.828116, 8.269595, 6945793536.000000, -59.290001,  26.950001,  80.010002, 0.000000,  0.000000 
 13978624.000000, -3.215954 , 1.203590, 6.924829, 6945812992.000000, 57.400002,  20.650000,  6.230000, 0.000000,  0.000000 
 13998592.000000, -1.435694 , 1.672583, 7.872386, 6945832960.000000, 176.330002,  -23.450001,  -37.240002, 0.000000,  0.000000 
 14018560.000000, 1.488336 , 0.524028, 8.858230, 6945852928.000000, 131.250000,  -76.720001,  -8.470000, 0.000000,  0.000000 
 14039040.000000, 1.203590 , -0.040678, 8.539984, 6945872896.000000, 35.560001,  -78.610001,  11.270000, 0.000000,  0.000000 
 14058496.000000, -0.315853 , 0.823131, 7.623533, 6945893376.000000, 20.370001,  -58.310001,  -20.790001, 0.000000,  0.000000 
 14078464.000000, 0.421137 , 1.375873, 7.910671, 6945912832.000000, 24.639999,  -41.369999,  -31.710001, 0.000000,  0.000000 
 14098432.000000, 2.600998 , 1.921437, 8.405986, 6945933312.000000, 0.910000,  -47.810001,  -7.280000, 0.000000,  0.000000 
 14118400.000000, 2.541178 , 2.187040, 8.516055, 6945952768.000000, -25.410000,  -48.930000,  11.410000, 0.000000,  0.000000 
 14138880.000000, -0.492921 , 1.641476, 8.164310, 6945972736.000000, -26.809999,  -23.379999,  1.890000, 0.000000,  0.000000 
 14158336.000000, 0.746561 , 1.945365, 8.475377, 6945993216.000000, 5.110000,  1.260000,  -21.350000, 0.000000,  0.000000 
 14178816.000000, 2.282753 , 2.526821, 8.975478, 6946012672.000000, 39.900002,  -6.510000,  -5.110000, 6946153472.000000,  1011.655396 
 14198272.000000, 0.887737 , 2.237289, 8.609376, 6946033152.000000, 35.840000,  0.840000,  8.680000, 0.000000,  0.000000 
 14218240.000000, 0.890130 , 2.055435, 8.898908, 6946052608.000000, 18.129999,  17.430000,  9.240000, 0.000000,  0.000000 
 14238720.000000, 1.603191 , 2.048256, 9.533006, 6946072576.000000, 14.350000,  14.070000,  18.059999, 0.000000,  0.000000 
 14258176.000000, 2.407180 , 3.182454, 9.382257, 6946093568.000000, 20.020000,  4.830000,  21.139999, 0.000000,  0.000000 
 14278656.000000, 2.380858 , 3.462414, 8.886944, 6946112512.000000, 29.680000,  -2.380000,  17.850000, 0.000000,  0.000000 
 14298112.000000, 2.163112 , 3.553342, 8.915657, 6946132992.000000, 25.830000,  0.280000,  6.020000, 0.000000,  0.000000 
 14318080.000000, 1.952543 , 3.649055, 8.755339, 6946152960.000000, 9.940000,  1.820000,  -1.190000, 0.000000,  0.000000 
 14338560.000000, 1.993221 , 3.840480, 8.812766, 6946172928.000000, 14.000000,  -2.730000,  -2.520000, 0.000000,  0.000000 
 14358016.000000, 2.641676 , 4.376472, 8.504091, 6946193408.000000, 28.490000,  -5.040000,  -0.700000, 0.000000,  0.000000 
 14378496.000000, 2.983850 , 4.340580, 7.802995, 6946212864.000000, 35.139999,  -5.950000,  3.710000, 0.000000,  0.000000 
 14397952.000000, 2.270789 , 4.481757, 7.324430, 6946232832.000000, 35.349998,  -3.290000,  6.860000, 0.000000,  0.000000 
 14417920.000000, 2.088934 , 4.347759, 7.834101, 6946252800.000000, 34.230000,  2.100000,  4.690000, 0.000000,  0.000000 
 14438912.000000, 2.565106 , 4.512863, 8.767302, 6946272768.000000, 34.650002,  3.920000,  2.870000, 0.000000,  0.000000 
 14458368.000000, 1.720440 , 4.625326, 8.137990, 6946293248.000000, 37.380001,  7.210000,  -2.100000, 0.000000,  0.000000 
 14478336.000000, 1.916651 , 5.201996, 8.018349, 6946312704.000000, 47.180000,  15.470000,  -9.450000, 0.000000,  0.000000 
 14498304.000000, 1.019342 , 4.747360, 8.185846, 6946332672.000000, 17.360001,  19.040001,  -7.700000, 0.000000,  0.000000 
 14518272.000000, 1.696511 , 5.292924, 8.628519, 6946352640.000000, 6.090000,  14.140000,  -15.260000, 0.000000,  0.000000 
 14538752.000000, 1.935793 , 5.434100, 8.355737, 6946372608.000000, 4.620000,  8.190000,  -6.370000, 0.000000,  0.000000 
 14558208.000000, 1.253839 , 5.099105, 8.683553, 6946393088.000000, -1.680000,  8.820000,  -9.520000, 0.000000,  0.000000 
 14578176.000000, 0.916451 , 5.015356, 8.566305, 6946412544.000000, -21.700001,  9.730000,  -16.870001, 0.000000,  0.000000 
 14598144.000000, 0.768096 , 4.831109, 8.906086, 6946433024.000000, -28.350000,  5.810000,  -15.820000, 0.000000,  0.000000 
 14618112.000000, 1.203590 , 5.072784, 8.769694, 6946452480.000000, -23.730000,  -2.870000,  -13.510000, 0.000000,  0.000000