time,seconds_elapsed,z,y,x
1634126712225852400,0.013852294921875,0.050934068423509594,0.016907880181074142,0.005316884173825383
1634126712245731600,0.033731689453125,0.07360650348067284,0.03332446971386671,-0.013224223232269286
1634126712265610500,0.053610595703125,0.09321838192343711,-0.025094986028969285,-0.004382087541744113
1634126712285489700,0.07348974609375,0.10993921509981154,-0.022500585621595383,0.00044606326706707474
1634126712305368300,0.093368408203125,0.11684475670456886,0.035871523848176,0.020551643510907887
1634126712325247500,0.11324755859375,0.0351484702706337,0.046377135771512985,-0.0034486060839146373
1634126712345125400,0.13312548828125,-0.018904022434353827,0.024183131881058216,0.02398819383084774
1634126712365004500,0.153004638671875,-0.03647065878510475,0.023210195195674896,-0.01825461861491203
1634126712384883700,0.1728837890625,-0.01367547413110733,0.03985650183111429,-0.010661460072174668
1634126712404762600,0.1927626953125,0.023073417073488235,0.06353548358231782,-0.013172785305976866
1634126712424641500,0.2126416015625,0.04203647621870041,0.0254299170717597,-0.003476517004147172
1634126712444520400,0.2325205078125,0.042433951103687285,-0.005113982012867928,-0.00481682569719851
1634126712464399600,0.252399658203125,0.05669511616826057,0.006613280659914017,0.0056081952705979345
1634126712484278500,0.272278564453125,0.05396773703098297,0.021704466807842254,-0.03692527068480849
1634126712504157400,0.292157470703125,0.04965922618210315,0.018232699044048783,-0.026154724214971063
1634126712524035300,0.312035400390625,-0.04298632428944111,0.049373394978046416,-0.0376766735740006
1634126712543914500,0.33191455078125,-0.122219435480237,0.026295009468495844,-0.05611008282192051
1634126712563793400,0.35179345703125,-0.44947102968394753,0.07707651767879724,-0.21643450029082595
1634126712583672600,0.371672607421875,-0.5213175377547741,-0.04409720814079046,-0.02123816447034478
1634126712603551700,0.3915517578125,-0.05043897838294506,-0.3042562108024955,-0.12319989788495003
1634126712623430400,0.411430419921875,0.06747603790163993,-0.19328852943778038,-0.217720302317664
1634126712643309600,0.4313095703125,-0.27634792091846466,-0.24696225195825097,-0.42069684368558224
1634126712663188500,0.4511884765625,0.3632125499010086,0.3210872263550758,0.08384937281459569
1634126712683066600,0.471066650390625,0.38574703779220576,-0.2900508675783872,-1.0193493308596313
1634126712702945500,0.490945556640625,0.2607289115041494,-0.17292378680109977,-1.1891135576512664
1634126712722824400,0.510824462890625,1.091673539444804,1.7503461224913597,0.3208412887699902
1634126712742703400,0.530703369140625,1.4775158543050289,2.602041862037778,2.8653754030823704
1634126712762582500,0.55058251953125,-1.1354168195813894,-1.8332389252334833,-0.445138699568063
1634126712782461700,0.570461669921875,-1.160936460763216,-1.220455986702442,0.6280852101463824
1634126712802340600,0.590340576171875,-0.18190788824558257,-0.22464462168812752,0.7542184580694884
1634126712822222000,0.61022216796875,0.21018004300594328,-0.10046206944137812,0.01924516402222216
1634126712842101000,0.63010107421875,-0.31831074737906456,1.197469955651462,-0.7693173160672188
1634126712861979000,0.649978759765625,0.8065431771337985,0.8035720523685217,-0.36246604238264263
1634126712881858000,0.669858154296875,0.4541875368118286,-0.7593897962927818,-0.19365429401025175
1634126712901737000,0.689737060546875,-0.3042734541982412,-0.43546354711949825,0.001929214496910572
1634126712921616100,0.7096162109375,-0.12357611078619957,0.10654343518167733,0.2380256429173052
1634126712941495300,0.729495361328125,-0.39665363173186774,-0.14626637376099824,0.10914777246117591
1634126712961374000,0.7493740234375,-0.03923369375765323,0.06385170992463826,-0.02765373060107231
1634126712981253000,0.769253173828125,-0.14032558553516863,0.020220073468983173,-0.053572454103082416
1634126713001132000,0.789132080078125,0.16254618517160416,-0.0005564648389816284,-0.06720701170191168
1634126713021011200,0.80901123046875,0.21330548155009746,-0.009324000923335551,-0.0670126581735909
1634126713040889000,0.82888916015625,0.10531155529916286,0.061337389016151427,0.009549772503226995
1634126713060768000,0.84876806640625,0.005921791264414787,0.0871539673179388,0.07737506223395467
1634126713080647000,0.86864697265625,-0.12493453965783119,0.13774141426086425,-0.022419483209401368
1634126713100526000,0.888526123046875,-0.15191431652009485,0.15214637171030043,-0.021007351389154792
1634126713120405200,0.9084052734375,-0.021181904238462446,0.03594692717194557,-0.04092486171498894
1634126713140284200,0.9282841796875,-0.011452537384629249,-0.02337035419344902,-0.004684212293475866
1634126713160163000,0.9481630859375,0.08325111466050147,-0.18527707241773606,0.029817630636692044
1634126713180042000,0.9680419921875,0.350958633005619,-0.21824995221495627,0.07682385809198021
1634126713199921200,0.987921142578125,0.289769712549448,-0.0667804568529129,0.1621428650677204
1634126713219799000,1.007799072265625,0.16015373707711697,0.016022914040088654,0.11625965029299258
1634126713239678200,1.02767822265625,-0.1283545772343874,0.15737375096976755,0.2615072024002671
1634126713259557000,1.04755712890625,0.15956570805609224,-0.10057985060214995,0.050057723980396984
1634126713279436000,1.06743603515625,0.2251110701560974,-0.0366688117057085,-0.013129384555667638
1634126713299315000,1.08731494140625,0.19845570294260978,0.06375789416134357,-0.02872778957337141
1634126713319194000,1.107194091796875,0.09418751921653747,0.1813151830494404,-0.11213292575180529
1634126713339073300,1.1270732421875,0.051364861056208605,0.18715455672740935,-0.0939778219886124
1634126713358952000,1.146951904296875,0.04441431126594543,0.045856326767802234,-0.08232946977093815
1634126713378831000,1.1668310546875,0.03244388748705387,-0.05955576629638672,-0.04345671828016639
1634126713398709000,1.186708984375,0.04637596672773361,-0.1115618478655815,-0.04277151249498129
1634126713418588200,1.206588134765625,-0.049421325773000714,-0.11336685146093368,-0.06585676613673568
1634126713438467000,1.226467041015625,-0.09262509220540523,-0.12812222978323698,-0.009041238459199666
1634126713458346200,1.24634619140625,-0.10138590628802775,-0.12730331461578606,0.02699833543226123
1634126713478225000,1.266224853515625,-0.07112754614651202,-0.06378741251677274,-0.013972776577249168
1634126713498104000,1.28610400390625,-0.03275777574181556,0.06538081918805837,-0.051923883178457614
1634126713517983000,1.30598291015625,-0.07328150931000708,0.17354454904794692,-0.08564604697301983
1634126713537862100,1.325862060546875,-0.08478256201148032,0.18792203396856783,-0.021829846753180025
1634126713557741000,1.345740966796875,-0.08523030577898025,0.1159410858631134,0.033114553290233016
1634126713577620000,1.365619873046875,-0.02464519643485546,-0.03785422209799289,0.040025720918178555
1634126713597498000,1.385498046875,0.026961656683683395,-0.029497312641143796,0.059211336772888895
1634126713617377000,1.405376953125,0.10048281996846198,0.05019873988628387,0.13326558402106164
1634126713637256200,1.425256103515625,0.05994681144058704,0.02645020003020763,0.1689766566105187
1634126713657135000,1.445135009765625,-0.025140286475419996,-0.0008504793494939803,0.16188874417617916
1634126713677014000,1.465013916015625,-0.008828618621826172,-0.060035366506874556,0.14777970093339682
1634126713696893000,1.484892822265625,-0.06756137809753418,-0.0734659259662032,0.011948211947083473
1634126713716772000,1.504772216796875,-0.15921148779094219,0.037274668644368646,0.007390402512252331
1634126713736651300,1.5246513671875,-0.0377536843329668,0.02101443871706724,-0.13661949755884706
1634126713756530000,1.544530029296875,0.22253742027580736,-0.001995557731389999,-0.2111306217290461
1634126713776409000,1.5644091796875,0.14857318939864633,0.1004296284765005,-0.2253925174459815
1634126713796287000,1.584286865234375,0.046260231393575664,0.09830722949504851,-0.19139350947141645
1634126713816162600,1.60416259765625,-0.030938743621110914,0.07898410486578941,-0.12612667205184697
1634126713836041700,1.624041748046875,-0.05507774409949779,0.0787795222043991,-0.05782704280763864
1634126713855920600,1.643920654296875,-0.07472586289942264,0.056204410041868685,0.03742101831249892
1634126713875799600,1.663799560546875,-0.09200900613367557,0.006705342857539653,0.06835040958337485
1634126713895678700,1.6836787109375,-0.02755143927037716,0.0006587561696767807,0.11319595187343656
1634126713915557600,1.7035576171875,0.020167174237966535,0.07293985626548528,0.08074658449366688
1634126713935436800,1.723436767578125,0.0597480739980936,0.0981201824903488,-0.026607436418533324
1634126713955315700,1.743315673828125,0.15601649114191532,0.11007599322199821,-0.1393552791982889
1634126713975193900,1.76319384765625,0.20725217286050318,0.062174424362182616,-0.230896594754979
1634126713995072500,1.783072509765625,0.2109422595500946,-0.013618775507807731,-0.2028857943445444
1634126714014951700,1.80295166015625,0.13269465226531027,-0.06823240922689437,-0.15261077435165643
1634126714034830600,1.82283056640625,0.07231003392934798,-0.0109013332426548,-0.12551760024279354
1634126714054709800,1.842709716796875,0.04733399810492992,0.10258768329322338,-0.09703604051545262
1634126714074588700,1.862588623046875,-0.013525252005457877,0.1336696347773075,-0.10739376840069889
1634126714094467600,1.882467529296875,-0.04284662355780601,0.11017127029001712,-0.09370558091849088
1634126714114346800,1.9023466796875,-0.024406126981973645,0.022916180685162543,-0.04836129532605409
1634126714134225700,1.9222255859375,0.007930792999267577,0.02469429627358913,-0.0492868857383728
1634126714154104800,1.942104736328125,0.010514379751682281,0.06323474707007408,-0.03174173056706786
1634126714173982700,1.961982666015625,-0.0003214870393276214,0.08471241938471794,-0.08592237969636916
1634126714193861600,1.981861572265625,-0.013469722425937651,0.10036650011241435,-0.11902538867928086
1634126714213740500,2.001740478515625,-0.06508417432904243,0.07481178761720657,-0.08508227561041712
1634126714233619700,2.02161962890625,-0.186224582400918,0.09991261886507272,0.024586451984941957
1634126714253498600,2.04149853515625,-0.2505781043678522,0.08392799100875854,0.2219933765269816
1634126714273377500,2.06137744140625,-0.2146627413779497,-0.04843173021376133,0.39739480548799033
1634126714293256700,2.081256591796875,-0.07219254502952098,-0.17942483925819397,0.4880271164409816
1634126714313135600,2.101135498046875,0.11165770945549011,-0.2701230550542474,0.4570939257778227
1634126714333014800,2.121014892578125,0.243079273045063,-0.25292379071116444,0.31131811201274395
1634126714352893700,2.140893798828125,0.2906757214784622,-0.1786103080049157,0.1766451454117894
1634126714372771800,2.160771728515625,0.27679624920785423,-0.04879968674331903,-0.019217033906280993
1634126714392650500,2.180650390625,0.25770284168124197,0.01574322031587362,-0.17508754070624707
1634126714412529700,2.20052978515625,0.2442559156090021,0.04526800548583269,-0.3658456748835742
1634126714432408600,2.22040869140625,0.15718319683372972,0.03553513150066137,-0.4003791550610214
1634126714452287700,2.240287841796875,-0.033303719186782835,0.046486441364884376,-0.32624709333628416
1634126714472166700,2.260166748046875,-0.21338906818032263,0.08645107974559069,-0.14010361334756016
1634126714492045600,2.280045654296875,-0.2121270854204893,0.021081074212491512,0.06314027371965349
1634126714511924700,2.2999248046875,-0.06313947000205516,-0.09062515055984258,0.14210523549355566
1634126714531803600,2.3198037109375,0.03753448862433433,-0.09960165321975946,0.166726831857115
1634126714551682800,2.339682861328125,0.15093699592053889,-0.12924129694104194,0.11783727487325668
1634126714571560700,2.359560791015625,0.17144377737641334,-0.17486995243281125,0.14454729488343
1634126714591439600,2.379439697265625,0.12461422166228293,-0.16540186686366795,0.22828517014756797
1634126714611318500,2.399318603515625,0.15594634851515293,-0.04770049332976341,0.2251388349458575
1634126714631197700,2.41919775390625,0.22220073566734788,0.0762608173817396,0.07312485744357108
1634126714651076600,2.43907666015625,0.22841595692038535,0.19777648850679397,-0.11352174976170062
1634126714670955800,2.458955810546875,0.2506049923747778,0.2422401918724179,-0.3155420863833278
1634126714690834700,2.478834716796875,0.19250059393048286,0.2990074964940548,-0.461934936068207
1634126714710713600,2.498713623046875,-0.058923898133635515,0.33409400744438167,-0.48633039552569385
1634126714730592800,2.5185927734375,-0.2706640300631523,0.28371318898946046,-0.35581352569088337
1634126714750471700,2.5384716796875,-0.3071294281512499,0.11988543957471846,-0.17884411676079034
1634126714770349800,2.558349853515625,-0.22980244284272192,0.03425999699831009,-0.06770999278798699
1634126714790228500,2.578228515625,-0.2359521976441145,-0.014411094929277895,0.030280791169032453
1634126714810107600,2.598107666015625,-0.23771745375096798,-0.0651528556510806,0.14582783621326087
1634126714829986800,2.61798681640625,-0.1954834091335535,-0.06177461138963699,0.22759441140443085
1634126714849865700,2.63786572265625,-0.12458382652401924,-0.0678498396500945,0.2348733894314617
1634126714869745000,2.657744873046875,-0.006666472151875495,-0.03742196816056967,0.16177468934245406
1634126714889623600,2.67762353515625,0.06786766756772994,0.03983282869458198,0.01430924199000001
1634126714909502700,2.697502685546875,0.11710136181414127,0.11454963150471448,-0.11502104840874672
1634126714929381600,2.717381591796875,0.07076455805301665,0.1631622712433338,-0.19055150568932294
1634126714949260800,2.7372607421875,0.05010463186204433,0.19094722700864075,-0.22233342213630675
1634126714969138700,2.757138671875,0.011483517044782638,0.13498100963681936,-0.16128171819373965
1634126714989017600,2.777017578125,-0.014773206239938734,0.047394788381457324,-0.07798530308678746
1634126715008896500,2.796896484375,-0.05750117185413837,0.029333646512031554,0.030234248613566158
1634126715028775700,2.816775634765625,-0.10260931060314178,0.07166589080691337,0.114181748040393
1634126715048654800,2.83665478515625,-0.13921967011988162,0.08198182537704705,0.1958094992827624
1634126715068533800,2.85653369140625,-0.2128594913482666,0.06491320167630911,0.21257066446952522
1634126715088412700,2.87641259765625,-0.1881535046368837,0.015110475370287894,0.11877148698344826
1634126715108291600,2.89629150390625,-0.002265606844425201,-0.05524199475049972,-0.0883880391575396
1634126715128170800,2.916170654296875,0.2168272259354591,-0.060336687541007995,-0.22803850191012023
1634126715148049700,2.936049560546875,0.28269115246534343,-0.006654197192192077,-0.31169366732686754
1634126715167928600,2.955928466796875,0.22442484145760536,0.03189385238885879,-0.33346272380352016
1634126715187806700,2.975806640625,0.02128068843781948,-0.03987432974874973,-0.2905615935795009
1634126715207685600,2.995685546875,0.03431377301216125,-0.00047112464308738706,-0.2143583516038954
1634126715227564800,3.015564697265625,0.05394552519917488,0.10696166059374809,-0.26045024069324135
1634126715247443700,3.035443603515625,0.02291150451004505,0.22383973504602908,-0.19941775290779767
1634126715267323000,3.055322998046875,-0.010906009417772292,0.2732838571727276,-0.18555866583809255
1634126715287201500,3.075201416015625,-0.08124737362265587,0.33220541721880437,-0.17881766714528202
1634126715307080700,3.095080810546875,-0.07384206580221653,0.34974165843129157,-0.11061448401287198
1634126715326959600,3.114959716796875,0.07422434311807155,0.13761866466403005,-0.06641754182465374
1634126715346838800,3.1348388671875,0.1804033289015293,-0.0632820933431387,-0.011675532485544681
1634126715366717700,3.1547177734375,0.1857411827981472,-0.15531448035240172,0.1292518183350563
1634126715386595800,3.174595947265625,0.07018646590411663,-0.17116963661015033,0.27500439735502
1634126715406474500,3.194474609375,-0.15811258663833141,-0.1694932278305292,0.3101066903963685
1634126715426353700,3.214353759765625,-0.28050270251035686,-0.07395721661448479,0.2819476406216621
1634126715446232800,3.23423291015625,-0.18334347400665282,0.02698269947171211,0.08895517152100801
1634126715466111700,3.25411181640625,-0.1081201829791069,0.09483283138275146,-0.12291019422337413
1634126715485990700,3.27399072265625,-0.06469137561917304,0.1976093152463436,-0.32313641396984455
1634126715505869600,3.29386962890625,0.11748656173944473,0.4165735532104969,-0.4476083045519888
1634126715525748700,3.313748779296875,0.23259879556298255,0.4412848006188869,-0.4984370129048824
1634126715545627600,3.333627685546875,0.08706628903448581,0.22425825271904468,-0.31470921575576066
1634126715565506800,3.3535068359375,-0.055095864278078076,-0.1586667133897543,-0.124190735553205
1634126715585385700,3.3733857421875,-0.2188929262936115,-0.28980829099416733,0.06451470387801528
1634126715605263600,3.393263671875,0.02217033075392246,-0.2759539531648159,0.05190802802219987
1634126715625142800,3.413142822265625,0.0866699831932783,-0.23850188212692736,0.041549715615063904
1634126715645021700,3.433021728515625,0.21432897937893866,-0.21467384729385375,-0.00989288685247302
1634126715664900900,3.45290087890625,0.13251169691383838,0.018363924208283422,-0.025118220774084328
1634126715684779500,3.472779541015625,-0.10177987404167652,0.137851888898015,0.12438435842916369
1634126715704658700,3.49265869140625,-0.2670809108793735,-0.018163433200120926,0.4345169139191508
1634126715724537600,3.51253759765625,-0.28187749799489975,-0.28858313311338424,0.6277116275936365
1634126715744416800,3.532416748046875,-0.11698679552376269,-0.32855741610527034,0.6836804753139615
1634126715764296000,3.5522958984375,0.1279495035648346,-0.11274024399518966,0.5517822341233491
1634126715784174600,3.572174560546875,0.25286416947841645,0.07325871295630931,0.3728184365056455
1634126715804053800,3.5920537109375,0.2413239538103342,0.020879121899604797,0.19239333416372537
1634126715823931600,3.611931640625,0.25879180596172807,-0.05446867229044437,0.0907191124536097
1634126715843810800,3.631810791015625,0.21720482707619665,-0.11790449489057063,0.006316781931370496
1634126715863689700,3.651689697265625,0.199675015604496,-0.10583470239043236,-0.13337109022215007
1634126715883568600,3.671568603515625,0.14052490749955177,-0.02481412326097488,-0.18617358286604285
1634126715903447600,3.691447509765625,0.09142974494099616,0.017441548666357994,-0.28115122954696414
1634126715923326700,3.71132666015625,0.07692717233598231,0.07367489254176617,-0.3226620744563639
1634126715943205600,3.73120556640625,0.0403723423987627,0.024239538243412972,-0.2919504175893962
1634126715963084800,3.751084716796875,-0.031097149053215978,-0.01329553490281105,-0.2459665189191699
1634126715982963700,3.770963623046875,-0.07188567103743553,-0.029449966368079183,-0.206791861872375
1634126716002842600,3.790842529296875,-0.20555881294608114,-0.005771569138765335,-0.22870427234247326
1634126716022720800,3.810720703125,-0.26624387553334233,-0.0031961656928062437,-0.11457651951164007
1634126716042599700,3.830599609375,-0.21107903767228126,-0.12278349910378455,-0.02485547818467021
1634126716062478800,3.850478759765625,-0.17139058588445186,-0.10787293021976947,-0.0636750381834805
1634126716082357800,3.870357666015625,-0.18748071994185447,0.1364145495712757,-0.09138590579926967
1634126716102236700,3.890236572265625,-0.09679039519131183,0.31865795338153835,-0.08721285789832472
1634126716122115600,3.910115478515625,0.00663315440416336,0.2234077733695507,0.0004965513452887535
1634126716141994800,3.929994873046875,0.13242635671794414,0.015620178458094595,0.08464695293307303
1634126716161874000,3.9498740234375,0.20918635579347608,-0.13630816658735276,0.05277297428846359
1634126716181752600,3.969752685546875,0.2545955233156681,-0.11960837619900702,0.001577770710736513
1634126716201631700,3.9896318359375,0.24070260704159735,0.012661328652501105,-0.03116027741730213
1634126716221510700,4.0095107421875,0.30795944923460483,0.09847615632116793,-0.23113398370742796
1634126716241389800,4.029389892578125,0.28492168799638745,0.22357085497677326,-0.37760581691265105
1634126716261267700,4.049267822265625,0.2070464211553335,0.3740612761735916,-0.3441413542062044
1634126716281147000,4.06914697265625,0.044105683708190915,0.32402737146019933,-0.2420781331785023
1634126716301025500,4.089025634765625,-0.09006371728479862,0.2311158635288477,-0.0999441830471158
1634126716320904700,4.10890478515625,-0.08971651128232479,0.06407879667878151,0.044537060862779615
1634126716340783600,4.12878369140625,-0.057276130926609034,-0.07169570142328739,0.13289485101252793
1634126716360662800,4.148662841796875,-0.01194002864062786,-0.2293114444553852,0.18574220571145414
1634126716380541700,4.168541748046875,0.01217091478705406,-0.23289222555160521,0.24522549129351973
1634126716400420600,4.188420654296875,-0.039677930393815036,-0.11209493182897567,0.24328122535794972
1634126716420299800,4.2082998046875,-0.018477905976772308,-0.15232465088665484,0.1849655222505331
1634126716440178700,4.2281787109375,-0.002800444373488426,-0.18646189828813076,0.15854688640236853
1634126716460057900,4.248057861328125,0.007364975810050964,-0.1419739372640848,0.10714914598986505
1634126716479935700,4.267935791015625,0.06832593272924423,-0.07819733840227126,0.008527443718165158
1634126716499814700,4.287814697265625,0.1253039574921131,0.016467735198140144,-0.1872907503277063
1634126716519693600,4.307693603515625,-0.042996261161565776,0.08209376131892204,-0.29167993008494375
1634126716539572700,4.32757275390625,-0.08370470364689826,0.09747954649925232,-0.3067892364114523
1634126716559452000,4.347451904296875,-0.1493593713402748,0.11238485468626022,-0.29929683482944963
1634126716579330600,4.36733056640625,-0.171824885648489,0.06260229438543319,-0.25278262867480517
1634126716599209700,4.387209716796875,-0.12034662734568119,0.07400923906266689,-0.19722353079915045
1634126716619088600,4.407088623046875,-0.07260404843986033,0.07997077781558036,-0.08029898685663939
1634126716638967800,4.4269677734375,0.03142857296466827,-0.009291559958457946,-0.03879252586141228
1634126716658846700,4.4468466796875,0.09592822540402411,-0.03998655795156956,0.038012189138680694
1634126716678725600,4.4667255859375,0.07557809581458567,-0.05087210910320282,0.1261065060466528
1634126716698603500,4.486603515625,0.11057985109090804,-0.09909458048045634,0.20188772321790455
1634126716718482700,4.506482666015625,0.1881242785423994,-0.10494506007432937,0.20430925127640365
1634126716738361600,4.526361572265625,0.22060791351795195,-0.086944708481431,0.16925182029008864
1634126716758240800,4.54624072265625,0.3277309021532535,-0.05400163930058479,0.13338175774663685
1634126716778119700,4.56611962890625,0.45262160266935825,-0.04862579148113727,0.06685074561014771
1634126716797998600,4.58599853515625,0.4180535626351833,-0.06582534808516502,0.02322027819827199
1634126716817877800,4.605877685546875,0.27947160589694975,-0.03565992692410946,0.0733064976207912
1634126716837757000,4.6257568359375,0.07784662526845931,-0.05226970094144344,0.06233896727412939
1634126716857635800,4.6456357421875,-0.11548457426726817,0.021306991922855376,0.04651800554692745
1634126716877514800,4.6655146484375,-0.21517419803142546,0.11617781722843647,-0.03267462750300765
1634126716897393700,4.6853935546875,-0.262673031309247,0.11746785703897475,-0.09261895472556352
1634126716917272800,4.70527294921875,-0.3595218786895275,0.08057283536195754,-0.08839169241935015
1634126716937151700,4.72515185546875,-0.3227145352959633,0.12593465661108494,-0.09658142861574888
1634126716957030000,4.74502978515625,-0.22176409781575201,0.15846388429403305,-0.09734759068265557
1634126716976908800,4.76490869140625,-0.14870704491138456,0.1985889739334583,-0.11805720123425126
1634126716996787700,4.78478759765625,-0.06775777745246887,0.20384148763418197,-0.1300849081583321
1634126717016667000,4.8046669921875,0.0113806411921978,0.17971768472492694,-0.13613923976123332
1634126717036545800,4.8245458984375,0.05424480040669441,0.14301438622772694,-0.11493263947293161
1634126717056425000,4.844425048828125,0.1508592545092106,0.14502689509391783,-0.07715309004634618
1634126717076303600,4.8643037109375,0.23166765219271182,0.12960136242508888,-0.04840235798880457
1634126717096182800,4.884182861328125,0.29777006365358827,0.13143617663681506,-0.06771861448585986
1634126717116061700,4.904061767578125,0.26931144641041754,0.08427695057690143,-0.0900926511183381
1634126717135940900,4.92394091796875,0.12495382888019084,0.0337321737319231,-0.10784034312441944
1634126717155819800,4.94381982421875,0.015036825612187384,0.028636896419525146,-0.09818111889734864
1634126717175698700,4.96369873046875,-0.09938158072829247,-0.028334114080667494,-0.04903481067344546
1634126717195576800,4.983576904296875,-0.15393325512707232,-0.16138532469868658,0.048852293713390824
1634126717215455700,5.003455810546875,-0.20805004523992537,-0.1348456928193569,0.16778963878303765
1634126717235335000,5.0233349609375,-0.27231121274828907,-0.00904606076478958,0.1781722088485956
1634126717255213800,5.0432138671875,-0.14696107802689073,0.06066518884301185,0.11993380876109003
1634126717275092700,5.0630927734375,-0.07782908961176872,0.09469196160733699,0.09572802665680646
1634126717294971600,5.0829716796875,-0.03176058139801025,0.03994447237551212,0.0645027211792767
1634126717314850800,5.102850830078125,-0.03833469909131527,0.03418868532776832,0.08344225331842899
1634126717334729700,5.122729736328125,-0.01672843196094036,0.0056014732688665385,0.09255641088336705
1634126717354609000,5.14260888671875,0.16960019533634185,-0.06262918239235878,0.10082403462156653
1634126717374487800,5.16248779296875,0.17763795584142206,-0.1441571265220642,0.13926321700066327
1634126717394366700,5.18236669921875,0.18237433671355247,-0.08672785086035728,0.203536513338238
1634126717414246000,5.202245849609375,0.12938333576023578,0.07582184144258498,0.14167013201192022
1634126717434123800,5.222123779296875,0.09037409840822219,0.2311462586671114,0.05439312283620238
1634126717454003000,5.2420029296875,0.08952595714628696,0.2393149520754814,-0.01579275854602456
1634126717473881600,5.261881591796875,0.14815350268185137,0.08610533504784107,-0.042288259022682906
1634126717493760800,5.2817607421875,0.16699147414267063,-0.04212298545837402,-0.041480449771136046
1634126717513639700,5.3016396484375,0.2193254724919796,-0.0920470000565052,-0.018287936362624168
1634126717533518800,5.321518798828125,0.21310674410760402,-0.11703063466548919,-0.05814546110704541
1634126717553398000,5.34139794921875,0.1714759260803461,-0.15429273608922958,-0.12723419490233062
1634126717573276700,5.361276611328125,-0.10943126557767391,-0.19106383912563324,-0.11316665271371602
1634126717593155800,5.38115576171875,-0.3480599889546633,-0.17166589569449422,0.045976299885660404
1634126717613034800,5.40103466796875,-0.3288385711342096,-0.06131342361867428,0.056315469200909136
1634126717632914000,5.420913818359375,-0.29536124894618987,0.08375029635429382,0.00913739231005311
1634126717652792600,5.44079248046875,-0.15032909315526485,0.04352174634039402,-0.017061901699006555
1634126717672671700,5.460671630859375,0.030676293292641637,0.09197393482029438,-0.06373933559134602
1634126717692549600,5.480549560546875,0.09784370363652706,0.16591829195320607,-0.08696516674757003
1634126717712428800,5.5004287109375,0.2000719059675932,0.06966214976906776,-0.017629764714837074
1634126717732307700,5.5203076171875,0.23192425730228422,-0.0028945523977279663,-0.009216595026105641
1634126717752187000,5.540186767578125,0.2330360179364681,-0.024131986215710638,-0.01947685388624668
1634126717772065800,5.560065673828125,0.2695481777757406,-0.03758008133172989,-0.028189737173914906
1634126717791944700,5.57994482421875,0.232387198638916,-0.06527355942130088,-0.03115647802501917
1634126717811823600,5.59982373046875,0.19575462729036808,-0.06560907498598098,0.005845218896865845
1634126717831702800,5.619702880859375,0.10917641403377056,0.010501520270109177,0.017084698052704333
1634126717851581700,5.639581787109375,-0.013063479712605476,0.0583715249478817,0.040882191617041826
1634126717871460600,5.659460693359375,-0.09133797500431537,0.024550503888726233,0.05782762732952833
1634126717891339800,5.67933984375,-0.1126338610112667,0.001319265905022621,0.05166223656758666
1634126717911218700,5.69921875,-0.13336685243844984,0.0010538929671049118,-0.001048047748208046
1634126717931097900,5.719097900390625,-0.19206921677589414,0.06159516316950321,-0.0013511223480105398
1634126717950975700,5.738975830078125,-0.1820417437583208,0.01894318540096283,-0.0005102876096963882
1634126717970854700,5.758854736328125,-0.1366015965759754,0.006077858608961105,-0.029084055665135382
1634126717990733600,5.778733642578125,-0.1343190385967493,0.038355157357454296,-0.019421908828616143
1634126718010612700,5.79861279296875,-0.05792378118038177,0.051692193314433095,-0.05049421570152044
1634126718030491600,5.81849169921875,-0.027668928170204162,0.10191665216386317,-0.047627574224025006
1634126718050370800,5.838370849609375,0.019842764589190483,0.100395141685009,-0.07336743402779101
1634126718070249500,5.85824951171875,0.035139702442288395,0.08054068665802479,-0.06954787573963403
1634126718090128600,5.878128662109375,0.05073942263424396,0.08918751897215843,-0.05250277904495597
1634126718110007800,5.8980078125,0.024260581031441686,0.056762920707464214,-0.033018618635088204
1634126718129886700,5.91788671875,0.053524669438600535,-0.01075929442346096,-0.0029059505745768544
1634126718149765600,5.937765625,0.05294540824592113,-0.011019991186261176,0.005597089354693889
1634126718169644500,5.95764453125,0.09454057043790817,-0.03515314644575119,0.0031175474986433983
1634126718189523700,5.977523681640625,0.07330781279504299,-0.02960486466884613,-0.0025530454836785793
1634126718209402600,5.997402587890625,0.03278524827063083,0.0012345102310180663,-0.005610825619101524
1634126718229280800,6.01728076171875,0.018120178580284117,0.06239771172404289,0.015321633902937172
1634126718249159700,6.03715966796875,-0.016949381235241888,0.05333119269311428,-0.0311290054962039
1634126718269038600,6.05703857421875,0.003930325186252593,0.014138999989628791,-0.012455138555914163
1634126718288917800,6.076917724609375,-0.0025707272708415984,-0.022997429227828978,0.033286037399619814
1634126718308796700,6.096796630859375,-0.06091711777746677,-0.026112346377968786,0.09757380065396427
1634126718328675800,6.11667578125,-0.12546762362122535,-0.00613338818848133,0.16535320541635154
1634126718348554500,6.136554443359375,-0.06742401545345783,-0.14438976623415947,0.12011252632886171
1634126718368433700,6.15643359375,-0.0698176325917244,-0.2390758826225996,0.08438391808271407
1634126718388312600,6.1763125,-0.04451251094341278,-0.1942676036030054,0.0542103136152029
1634126718408191700,6.196191650390625,0.01672317126393318,-0.05090250424146652,-0.03305500512272119
1634126718428070700,6.216070556640625,0.06440729798078537,0.10580138464272022,-0.024096038119494914
1634126718447949600,6.235949462890625,0.0845440770804882,0.18535013765394687,-0.05926935057044029
1634126718467828700,6.255828857421875,0.15889000075161455,0.18708558314442633,-0.08895093373730778
1634126718487707600,6.275707763671875,0.18086159406304358,0.1359919402450323,-0.08054945448637008
1634126718507585800,6.295585693359375,0.18035422906279563,0.06794190184772014,-0.04314034580737352
1634126718527464700,6.315464599609375,0.1927332336425781,0.015357143607735633,0.005084171396493912
1634126718547343600,6.335343505859375,0.1186900923103094,0.008458031743764877,0.061081952950358384
1634126718567222500,6.355222412109375,0.14196809204518795,-0.08030395529270172,0.06183861653655767
1634126718587101700,6.375101806640625,0.07125906357169151,-0.1154179387718439,0.06205445124432444
1634126718606980600,6.394980712890625,0.002579495099186897,-0.0810585730522871,0.10485796631276607
1634126718626859800,6.41485986328125,0.021896189987659454,-0.0799386291116476,0.04122574435770512
1634126718646738700,6.43473876953125,-0.04630991575419902,0.002853635865449905,0.03525646068975329
1634126718666617600,6.45461767578125,-0.07311667413711548,0.05932137301862239,0.024565555327385663
1634126718686496800,6.474496826171875,-0.06953764660656452,0.11149287428259849,0.0024229893632233142
1634126718706375700,6.494375732421875,-0.07102525481581687,0.11986965748369693,-0.039603257722407574
1634126718726254600,6.514254638671875,-0.0911754779189825,0.058632221710681914,-0.02389423193708062
1634126718746133500,6.534133544921875,-0.10285597884058952,-0.01597381420135498,-0.007827624885737896
1634126718766012700,6.5540126953125,-0.04153378739356994,0.011215221497416496,0.0027155425690114495
1634126718785890600,6.573890625,-0.030108138015866277,0.031571780827641484,0.0013281798638403416
1634126718805769700,6.593769775390625,-0.010421440771222115,0.07794657851159573,0.006634469578415155
1634126718825648400,6.6136484375,-0.01638824022114277,0.12451952911615372,0.006513035155832767
1634126718845527300,6.63352734375,-0.019592004698514937,0.05330255112051963,-0.008469137659668922
1634126718865406500,6.653406494140625,0.010137363132834434,0.007977554750442505,-0.01767477290034294
1634126718885285400,6.673285400390625,0.05330372016429901,0.02574059045612812,-0.017114070277661084
1634126718905164500,6.69316455078125,0.07503273689150809,0.044459903973340986,-0.044606180576235055
1634126718925043500,6.71304345703125,0.04789572364091873,0.06944003145098686,-0.053218233837932345
1634126718944922400,6.73292236328125,0.028457448199391364,0.08584872993826866,-0.0552418486200273
1634126718964801300,6.75280126953125,-0.011333879441022873,0.08712415670156479,-0.0734193103455007
1634126718984680400,6.772680419921875,-0.02990063274502754,0.12623743894994258,-0.08872969220206141
1634126719004559600,6.7925595703125,-0.019738135170936585,0.10096738861501216,-0.10349676096215843
1634126719024438300,6.812438232421875,0.00965045639872551,0.09212707955539226,-0.05717442411780357
1634126719044317400,6.8323173828125,0.024485621958971023,0.09702654203474521,-0.021512743628025053
1634126719064196400,6.8521962890625,0.048775429084897036,0.09346972633600234,-0.01377148185148835
1634126719084075500,6.872075439453125,0.05750292541980743,0.06400222431123256,-0.024723960759490727
1634126719103953400,6.891953369140625,0.052857729962468146,0.08016659264862537,-0.0038126901559531684
1634126719123832600,6.91183251953125,0.06839432179033755,0.07728665329813957,-0.033736265385150906
1634126719143711200,6.931711181640625,0.030658173114061354,0.07444587691426277,-0.01773936256915331
1634126719163590400,6.95159033203125,0.047862405893206596,0.0657914458155632,-0.0031941198661923405
1634126719183469300,6.97146923828125,0.013330606216192245,0.02750000134408474,-0.029287323152273892
1634126719203348500,6.991348388671875,0.015781506499648094,0.011912556111812592,-0.023170447707176207
1634126719223227400,7.011227294921875,0.014297405421733855,-0.0030471126109361648,-0.0419236634939909
1634126719243106300,7.031106201171875,-0.002836100208759308,0.01745908432304859,-0.007563128730654716
1634126719262985500,7.0509853515625,0.03270049259662628,0.028787118545174597,-0.05391644523516297
1634126719282864400,7.070864501953125,0.01687397791147232,0.0733159961014986,-0.02785173739120364
1634126719302743600,7.09074365234375,0.025157822132110593,0.06172258894145488,-0.03728212129846215
1634126719322622200,7.110622314453125,0.0006815525233745574,0.03877952024936676,0.015405805055052041
1634126719342501400,7.13050146484375,0.002063362270593643,-0.04990180276632308,0.03819032218456268
1634126719362380500,7.150380615234375,0.025725977408885953,-0.11582944218218326,0.06950900503396988
1634126719382259500,7.170259521484375,0.0584498508810997,-0.11237900946736334,0.0570753476575017
1634126719402137600,7.1901376953125,0.06786883661150932,-0.03295709770619869,0.030548282998800275
1634126719422016300,7.210016357421875,0.034357612153887745,0.07602467053830624,0.014488251818716526
1634126719441895400,7.2298955078125,0.006200023683905601,0.058711716687679286,-0.01785655920803547
1634126719461774300,7.2497744140625,-0.03065758859217167,0.015495675295591354,-0.0043712008215487
1634126719481653500,7.269653564453125,-0.04890051676928997,0.0058580783784389495,-0.013010288220643996
1634126719501532400,7.289532470703125,-0.011870470535755157,0.047590018692612646,0.010143062221258879
1634126719521411300,7.309411376953125,-0.017983984979987145,0.006209376034140586,0.01015928270369768
1634126719541290500,7.32929052734375,0.015639467680454253,-0.033197336202859876,0.01629720093682408
1634126719561169400,7.34916943359375,0.02454056701660156,-0.010965630650520324,-0.007545008552074432
1634126719581048600,7.369048583984375,0.012214169406890869,0.01277355685532093,-0.020067367125302552
1634126719600927200,7.38892724609375,0.008170446974039076,-0.022054595419764518,-0.01807590104714036
1634126719620806400,7.408806396484375,0.050157238832116126,0.017477204501628874,-0.002459375850856304
1634126719640685300,7.428685302734375,0.06468611492216586,0.02955459578633308,-0.0055767772190272805
1634126719660564500,7.448564453125,0.01727788253724575,0.06543254937529563,0.009799217219650744
1634126719680443600,7.468443603515625,0.05821662664711475,0.029231939703226087,-0.009318740226328372
1634126719700322300,7.488322265625,0.03969955770373344,0.020299276185035704,-0.009001783231645822
1634126719720201500,7.508201416015625,0.0005342530071735382,0.02198211470544338,0.017382365825027227
1634126719740079400,7.528079345703125,0.03674889120459556,-0.0026876316487789154,0.019475684842467308
1634126719759958500,7.54795849609375,0.04887772041559219,-0.005070142871141433,0.012525281182676554
1634126719779837400,7.56783740234375,0.05783025767803192,-0.00573474425971508,-0.0029584114141762256
1634126719799716400,7.58771630859375,0.05308510897755622,-0.01324234341084957,-0.022280220869183538
1634126719819596500,7.607596435546875,0.042187282866239545,-0.005642974323034286,-0.00401698055639863
1634126719839475700,7.627475830078125,0.0449561630576849,-0.00232055190205574,-0.018270839097350836
1634126719859354600,7.647354736328125,0.03297112623155117,0.010321487528085708,-0.03778013394847512
1634126719879233500,7.667233642578125,0.01675239735841751,0.05669570069015026,-0.026394378189742565
1634126719899112400,7.687112548828125,0.01404138483405113,0.059844520109891886,-0.014249474626779555
1634126719918991600,7.70699169921875,0.01604921752512455,0.01668868447244167,0.009405395596474408
1634126719938870800,7.726870849609375,0.024269933381676673,0.0029249475359916684,0.009985533571988343
1634126719958749400,7.74674951171875,0.013629881423711776,-0.029297406154870986,0.02123261151239276
1634126719978628600,7.766628662109375,0.04584755893945694,-0.05996317805349827,0.016419073750823736
1634126719998507500,7.786507568359375,0.026703298008441925,-0.006518588113784789,0.018134791627526282
1634126720018386700,7.80638671875,-0.022895722419023514,0.08805997624695301,0.0020711071856319902
1634126720038265300,7.826265380859375,-0.005193476989865302,0.06445756686329841,-0.02479863343089819
1634126720058144500,7.84614453125,-0.014586159235239027,0.01861936027407646,-0.04867401453703642
1634126720078022400,7.8660224609375,-0.015487491989135741,0.053448097071051595,-0.023460370564460754
1634126720097901600,7.885901611328125,0.0005740004956722259,0.05780103158354759,-0.023739772027730942
1634126720117780700,7.90578076171875,0.013347557350993156,-0.007471943315863609,0.0010388415284454822
1634126720137659600,7.92565966796875,-0.004618307450413704,-0.075773326125741,0.009702771107852459
1634126720157538600,7.94553857421875,-0.03877835120558738,-0.06371113241016864,0.027295564813166855
1634126720177417500,7.96541748046875,-0.01600830099284649,0.0007037643551826477,0.011888298453390598
1634126720197296600,7.985296630859375,0.005466448712348937,0.011549568018317222,-0.027757337106019256
1634126720217175600,8.005175537109375,0.046486441364884376,0.05870353338122367,-0.02398044891580939
1634126720237054500,8.025054443359375,0.052364978009462354,0.11748071652054785,-0.043241175833344456
1634126720256933600,8.04493359375,0.023132453784346578,0.12207622761726379,-0.020120997008681297
1634126720276812500,8.0648125,-0.0024129063606262205,0.11203531059622764,0.01743862605690956
1634126720296691700,8.084691650390624,0.03906827406287193,0.051047465670108795,0.03641659051030874
1634126720316570600,8.104570556640626,0.09264964212477207,-0.015642390289902688,0.04707929269149899
1634126720336449500,8.124449462890626,0.03647416591644287,-0.08712064957022667,0.021719810507446525
1634126720356328400,8.144328369140625,-0.017277298015356064,-0.05877192244231701,0.06469239853248
1634126720376207600,8.16420751953125,-0.008819266271591186,-0.042755438143014905,0.03813157773464918
1634126720396086800,8.184086669921875,-0.02427344051301479,-0.04561258113980293,-0.0035489246532320975
1634126720415965400,8.20396533203125,-0.0222340436398983,0.02115209362208843,-0.018326807068288327
1634126720435844600,8.2238447265625,-0.018544541472196578,0.0890402194559574,-0.034572423948347565
1634126720455722500,8.243722412109374,0.009441197562217712,0.0967179144769907,-0.04987798349931836
1634126720475601700,8.2636015625,0.04390753078758716,0.071185413813591,-0.0548671700887382
1634126720495480600,8.28348046875,0.04173135579228401,0.04366086255013942,-0.019681582678109405
1634126720515359700,8.30335986328125,0.07256488547325134,-0.014588497322797775,0.010383154587447643
1634126720535238400,8.32323828125,0.06054010115861892,-0.05348199934065342,0.026648352950811385
1634126720555117600,8.34311767578125,0.0809410841524601,-0.081965166503191,0.052257718242704865
1634126720574996500,8.36299658203125,0.10690145483911037,-0.08450783672332764,0.01764832328483462
1634126720594875600,8.382875732421875,0.05681202054619789,-0.02734393399953842,-0.00293751475661993
1634126720614754600,8.402754638671874,0.04557867887020111,0.016804419806599614,-0.013925503369420765
1634126720634633500,8.422633544921876,0.0002665419816970825,-0.013715221619606017,-0.029018443083018063
1634126720654512600,8.4425126953125,-0.023614099821448326,-0.0698129564166069,-0.027173984260112045
1634126720674391600,8.4623916015625,-0.025406243935227394,-0.06744038206636906,0.0016693945169448852
1634126720694270700,8.482270751953125,-0.010004092141985893,-0.00864215613901615,0.01945084266215563
1634126720714149400,8.5021494140625,0.016022914040088654,-0.006150923845171928,0.00502542694658041
1634126720734028500,8.522028564453125,-0.019056582647562027,-0.0339022696018219,0.008962766395509242
1634126720753907700,8.54190771484375,-0.022632103046774862,-0.005374678775668144,0.03321764833852649
1634126720773786600,8.56178662109375,-0.0005149637848138809,0.035648236486315724,0.029761370404809712
1634126720793665500,8.58166552734375,0.006889759513735771,0.0563671993881464,0.054003831257671116
1634126720813543700,8.601543701171876,0.04052840974330902,0.07939210114479064,0.059084203261882066
1634126720833421600,8.621421630859375,0.08670563902854919,0.07332534845173358,0.03856412393301725
1634126720853300500,8.641300537109375,0.10818564943075179,0.10260638799369334,0.0024481238044798373
1634126720873179400,8.661179443359375,0.1371463709771633,0.05048866274356842,-0.00850347832068801
1634126720893058600,8.68105859375,0.09182254365086555,-0.1046563062608242,-0.1738860559619963
1634126720912937700,8.700937744140624,0.08620704185664653,-0.13708382713496683,-0.33210692528039215
1634126720932816400,8.72081640625,-0.05485211865007877,-0.042191374519467355,-0.32617242066487667
1634126720952695600,8.740695556640626,-0.1704787317365408,0.08135960182547569,-0.050963586778938766
1634126720972574500,8.760574462890625,-0.06032382805943489,0.09201835848391056,0.07630509491488337
1634126720992453600,8.78045361328125,-0.06961304993033408,0.09961831209361553,0.041464521549642086
1634126721012332500,8.80033251953125,-0.05086100318729877,0.07200842063426971,0.022473989875614643
1634126721032211500,8.82021142578125,0.0023696517407894133,0.03231295458376408,-0.06033128071352839
1634126721052090600,8.840090576171875,0.01808218465745449,0.05251870726644992,-0.015109890848398208
1634126721071969500,8.859969482421874,-0.015181787040829658,0.10293138216435908,0.055089726798236364
1634126721091848700,8.8798486328125,-0.03750292444229126,0.09135024996399879,0.1566826999656856
1634126721111727400,8.899727294921876,-0.038837972438335415,0.052508770394325256,0.2484152272455394
1634126721131606500,8.9196064453125,0.03285480637550354,0.01385667591691017,0.2443814416848123
1634126721151485400,8.9394853515625,0.11988310148715972,-0.030621932756900786,0.1645049180239439
1634126721171364600,8.959364501953125,0.21571955695450304,-0.13223814066946507,0.09476853397488594
1634126721191243800,8.979243896484375,0.2031768862456083,-0.030721886000037193,0.10297098352238536
1634126721211122400,8.999122314453125,0.1714373476356268,0.10238251610994338,0.06286152984350919
1634126721231001600,9.019001708984375,0.20244798744916914,0.11994856793880462,0.014293606029450892
1634126721250879500,9.03887939453125,0.1323889473170042,0.025119828209280968,-0.06565598286762833
1634126721270758700,9.058758544921876,-0.03361643839776516,0.0483808768093586,-0.06693447837084532
1634126721290637600,9.078637451171875,0.015866262173652647,0.1030307508856058,-0.11249576771482825
1634126721310516500,9.0985166015625,0.03590893324911594,0.08911211564838886,-0.1710262826167047
1634126721330395400,9.1183955078125,-0.07196750410199165,0.08252396942973136,-0.14259645307660102
1634126721350274600,9.138274658203125,-0.17276655041277408,0.08974924450814724,-0.11779650447145104
1634126721370153500,9.158153564453125,-0.16978022807836532,0.10466215147972106,-0.10294453390687704
1634126721390032600,9.17803271484375,-0.1073924532264471,0.12326631418466567,-0.05295512592233717
1634126721409911600,9.19791162109375,-0.060815410968661304,0.11531214030981063,-0.027252164062857628
1634126721429790500,9.21779052734375,-0.062063365203142165,0.08308043426871299,0.00996127591356635
1634126721449669600,9.237669677734376,0.00656476534307003,0.03802782509922981,0.030745997527986763
1634126721469548500,9.257548583984375,0.08133797451555728,-0.0071282444447278975,0.03084507398828864
1634126721489427500,9.277427490234375,0.08532149119377136,-0.030378771650791166,0.05393310410901904
1634126721509306400,9.297306396484375,0.10351999570727348,-0.004306757283210754,0.05418810178339481
1634126721529185500,9.317185546875,0.11133622241616248,0.026266660156846044,0.09663958854377269
1634126721549064700,9.337064697265625,0.18705927965939043,-0.04802899463176727,0.051154140914976595
1634126721568943600,9.356943603515624,0.16332535285055635,-0.015443068325519562,0.0591742196328938
1634126721588822500,9.376822509765624,0.05058920050859451,0.014340660041570663,0.023685411491990088
1634126721608701400,9.396701416015626,0.05035772984027862,-0.044781975534558295,-0.11226137443706392
1634126721628580600,9.41658056640625,0.017018939340114593,0.013187982875108717,-0.22966069628447294
1634126721648459500,9.43645947265625,-0.09823650234639644,0.11866437334716319,-0.27923867392390966
1634126721668338400,9.45633837890625,-0.23684768517911434,0.17619067964255808,-0.22574279218837617
1634126721688216300,9.47621630859375,-0.2987321866840124,0.16789105333089827,-0.08938815611079334
1634126721708095500,9.496095458984374,-0.3323363501220941,0.1592149949222803,-0.01680208171904087
1634126721727974700,9.515974609375,-0.2736532750070095,0.10549567969441413,0.06327595586329698
1634126721747853600,9.535853515625,-0.10994856745004654,0.017546178084611893,0.09785115629062056
1634126721767732700,9.555732666015626,-0.00888707081079483,-0.030878537866473196,0.09349734499529004
1634126721787611400,9.575611328125,0.09452654191255569,0.012560206365585327,0.06111570908948779
1634126721807490600,9.595490478515625,0.1796492956638336,0.004075871136784553,0.00137421096265316
1634126721827369200,9.615369140625,0.17515198424458503,0.004058920001983642,-0.015096154583990573
1634126721847248100,9.635248046875,0.11419044280350207,-0.005352466943860054,0.020968553748726842
1634126721867127300,9.655127197265625,0.08072656461894512,0.02954641247987747,-0.008507277712970971
1634126721887006000,9.675005859375,0.12563830401301385,0.04703881455063819,-0.07637056136652827
1634126721906885000,9.694885009765626,0.12759469877779483,0.040675709259510036,-0.13015183591470122
1634126721926764300,9.714764404296876,0.11134557476639748,0.05095861834287643,-0.1704180875904858
1634126721946643200,9.734643310546875,0.03076981679499149,0.01097147586941719,-0.1183404020898044
1634126721966522000,9.754522216796875,0.008681319105625153,-0.017570728003978728,-0.0558574963003397
1634126721986401000,9.774401123046875,0.0667979925096035,-0.004667991811037064,0.03826367968171835
1634126722006280200,9.7942802734375,0.13586509899497032,0.034739889469742775,0.07568754753842949
1634126722026159000,9.8141591796875,0.15622925710976124,-0.014171148693561553,0.06163008835241198
1634126722046038300,9.834038330078124,0.15160919609367846,-0.1363847389549017,-0.006209229903668165
1634126722065917200,9.853917236328124,0.22346622555851936,-0.3055114715605974,-0.16267989455386994
1634126722085796000,9.873796142578126,-0.04757131399214268,-0.1334825877726078,-0.15840777019262314
1634126722105675300,9.89367529296875,-0.3843810101360082,0.13170388766229152,-0.058508449200540776
1634126722125554200,9.91355419921875,-0.4092389725387096,0.35376024642288684,0.11923720479905604
1634126722145432300,9.933432373046875,-0.5175228216469288,0.2765302917480469,0.19925971280187368
1634126722165311000,9.95331103515625,-0.5567997700244188,0.23595804286301134,0.37626039365306496
1634126722185190100,9.973190185546875,-0.1872837360650301,0.027465514552593228,0.3072624068811536
1634126722205069000,9.993069091796874,0.13208207332491875,-0.1608089861154556,0.0883792713291943
1634126722224948200,10.0129482421875,0.36615386404991146,-0.18253098857998848,-0.15618322601094842
1634126722244827400,10.032827392578126,0.3160200060933828,-0.05526186849474907,-0.31850130151510236
1634126722264706000,10.0527060546875,0.2436146950960159,0.1143330661445856,-0.23358050007671116
1634126722284585200,10.072585205078125,0.19563421578109264,0.25516309407055376,-0.048253889428824186
1634126722304464100,10.092464111328125,0.11084288594126701,0.2544306881427765,0.17048939926102757
1634126722324343300,10.11234326171875,0.0635737697660923,0.1627875927120447,0.28348960936665535
1634126722344222000,10.132221923828125,0.0906657748311758,0.03193184631168842,0.3075147742070257
1634126722364101000,10.15210107421875,0.057335167637467384,-0.0686281305462122,0.1986833742186427
1634126722383980300,10.171980224609374,0.071869888946414,-0.04783902501761913,0.11289119677320122
1634126722403859200,10.191859130859376,0.06327215647101402,0.021026421415805817,-0.0601152998752892
1634126722423738400,10.21173828125,0.033386136773228645,0.07720774284303188,-0.16583309788778422
1634126722443617000,10.231616943359375,-0.06160919169485569,0.10898176824450492,-0.15811507085636256
1634126722463496200,10.25149609375,-0.17392799540758133,0.14234101701080798,-0.10615531264692545
1634126722483375000,10.271375,-0.2044499749213457,0.13221242170631886,-0.05159852368161082
1634126722503254300,10.291254150390625,-0.22754735739231108,0.22848960667848586,-0.12023702949136494
1634126722523133200,10.31113330078125,-0.18338439053893088,0.26098084043860437,-0.230533387465775
1634126722543012000,10.33101220703125,-0.12637830872535705,0.1258399640649557,-0.31389570741578937
1634126722562891300,10.350891357421874,-0.1775894405245781,-0.021102993783354757,-0.25401670051440595
1634126722582770200,10.370770263671876,-0.18769523947536945,-0.07265782445371151,-0.16611790617853403
1634126722602649000,10.390649169921875,-0.13681377802193165,-0.08307868070304393,-0.010925737031549214
1634126722622528000,10.410528076171875,-0.05961538752913475,-0.13118132509291172,0.1177827682070434
1634126722642407200,10.4304072265625,-0.01784253068268299,-0.1851964083969593,0.17789222286343573
1634126722662285000,10.45028515625,0.10356851102411746,-0.2070855841219425,0.18642273532152176
1634126722682164200,10.470164306640624,0.2136339828521013,-0.1765478225171566,0.1366575645469129
1634126722702043100,10.490043212890624,0.24050503864288328,-0.07388122876882552,0.06081248835921287
1634126722721922000,10.509922119140626,0.2868494411885738,0.028358079478144643,0.05603139156252145
1634126722741801200,10.52980126953125,0.26987375646829603,0.06347615461051463,0.018682634768635034
1634126722761680100,10.54968017578125,0.2027460936129093,0.031383564779162404,0.025265666420757768
1634126722781559300,10.569559326171875,0.11138181512355803,0.018007950377464294,0.0233439045779407
1634126722801438200,10.589438232421875,0.09480068267881869,-0.037084991291165346,0.051689562965929504
1634126722821318100,10.609318115234375,0.00992751977443695,-0.07551496745049953,0.008104834391921759
1634126722841197300,10.629197265625,-0.056417468270659445,-0.012762450939416884,0.042283290586620566
1634126722861076200,10.649076171875,-0.10608253967165947,0.04317103320658207,0.03318652254790067
1634126722880955100,10.668955078125,-0.06509995642006397,0.034656887361407276,0.02633461082652211
1634126722900834000,10.688833984375,-0.0845697960436344,0.09782090728282927,0.056778848928958174
1634126722920713200,10.708713134765626,-0.054982467031478875,0.1850964551538229,0.05150295435264706
1634126722940592000,10.728592041015625,0.008067571121454238,0.14731296020448206,0.04320201286673546
1634126722960471000,10.748470947265625,0.05083703778982162,0.13322773622870446,0.05366758504062891
1634126722980350200,10.76835009765625,0.0837684165328741,0.0979378116607666,0.03590484159588814
1634126723000229000,10.78822900390625,0.15212942057549952,-0.013441665375232696,0.03766688283234834
1634126723020108300,10.8081083984375,0.14071779972314835,-0.12410861022770404,0.0524226995460689
1634126723039987200,10.8279873046875,0.11268763702511787,-0.08523790456354617,0.060687692935764787
1634126723059866000,10.8478662109375,0.07720072858035563,0.005752864438295364,0.03841448632925749
1634126723079745000,10.8677451171875,0.037089082944393156,0.034361703807115555,-0.0058203767165541645
1634126723099624200,10.887624267578126,0.003970657196640968,0.06082184070944786,-0.05616553933620452
1634126723119503400,10.90750341796875,-0.0074514850497245785,0.07603402288854122,-0.08974047667980194
1634126723139382000,10.927382080078125,-0.018732172998785972,0.08143032897412776,-0.11337269667983055
1634126723159261200,10.94726123046875,-0.007343933022022247,0.08005611801147461,-0.09315116190612316
1634126723179140000,10.96714013671875,0.02189502094388008,0.09804185655713081,-0.06766717655956744
1634126723199018200,10.987018310546874,0.06223346107304096,0.09635200377404689,-0.04506809899955987
1634126723218898200,11.006898193359374,0.03892915785312653,0.08277999001741408,-0.011090133813023567
1634126723238776300,11.0267763671875,0.08925999968647956,0.017607552883028982,-0.00549509028494358
1634126723258655000,11.046655029296875,0.06689151601195335,0.03340717956125736,0.0319458748370409
1634126723278534100,11.0665341796875,0.04186871843636036,0.06419570105671882,0.04531272141039371
1634126723298413300,11.086413330078125,0.056174891686439514,0.07258125208616256,0.05674743087738752
1634126723318292200,11.106292236328125,0.01854921764731407,0.056415714704990384,0.03991612306386232
1634126723338171100,11.126171142578125,-0.009556932896375655,0.04616612336933613,0.023349457535892723
1634126723358050000,11.146050048828124,-0.03766191439628601,0.020648820275068282,0.02896919711381197
1634126723377929200,11.16592919921875,-0.01933481506705284,0.0411176078081131,0.010922522161155938
1634126723397808000,11.18580810546875,-0.024943302598595618,0.04337912299931049,-0.009441343692690134
1634126723417687300,11.205687255859376,-0.08319500055909157,0.055475803506374356,0.028682050735503433
1634126723437566200,11.225566162109375,-0.09485562773644923,0.04941840316355228,0.010441606776416302
1634126723457445000,11.245445068359375,-0.05724047509133815,0.04659165530502796,-0.01074701946377754
1634126723477324300,11.26532421875,-0.08081541194617747,0.06706687257885932,-0.0341426542289555
1634126723497203200,11.285203125,-0.06918634895086288,0.1053705920100212,-0.01716609272584319
1634126723517082000,11.30508203125,-0.053746203234791755,0.08064882320761681,-0.0071792439796030515
1634126723536961000,11.3249609375,0.02690437353849411,0.03404430842101574,-0.017205840214341878
1634126723556840200,11.344840087890624,0.07401800689101219,0.038866029489040374,-0.01906023590937257
1634126723576719000,11.364718994140626,0.05465221216380596,0.04860474869310855,-0.03176058139801025
1634126723596598300,11.384598388671876,0.014895371314883232,0.07815583734810352,-0.02254208667576313
1634126723616477200,11.404477294921875,0.02961713962852955,0.11917232286930084,-0.05135185544416308
1634126723636356000,11.424356201171875,-0.014833411994576454,0.17786241224706173,-0.0526103310726583
1634126723656235300,11.4442353515625,-0.0427992772847414,0.15964754112064838,-0.024979689086228607
1634126723676114200,11.4641142578125,0.001045125138759613,0.05470423461198806,-0.018744886349886653
1634126723695993000,11.4839931640625,-0.013259879067540168,-0.037224692022800446,-0.03527370408549905
1634126723715872000,11.5038720703125,-0.031241525959968566,-0.05110884046852588,-0.038289252514392136
1634126723735751200,11.523751220703126,0.004104512709379196,-0.08941606703102588,-0.06035086219683289
1634126723755630300,11.54363037109375,-0.012148118433356284,-0.12789397398531435,-0.0644385699018836
1634126723775509000,11.563509033203125,0.0066571198016405105,-0.05572480983138084,-0.036666327487677335
1634126723795388200,11.58338818359375,0.05463116937577724,-0.012497078001499176,-0.019785627574473618
1634126723815266800,11.603266845703125,0.03010930705964565,0.023356910189986226,-0.007303893272578716
1634126723835146000,11.62314599609375,0.014791910940408706,0.016963994282484053,-0.01916705728471279
1634126723855025200,11.643025146484375,0.04354688078165054,0.032247488132119174,-0.031752251961082216
1634126723874903000,11.662903076171874,0.04722761512100696,0.06816051303446292,-0.0017993045069277286
1634126723894782000,11.682781982421876,0.06656769088506698,0.042863574692606925,0.021111469350755214
1634126723914660900,11.702660888671875,0.033240006300807,0.03338146059811115,0.018985270977020262
1634126723934540000,11.7225400390625,0.006454290705919265,0.0485159013658762,0.027372137180715798
1634126723954419000,11.7424189453125,-0.0073942019045352934,0.055903673529624935,0.03469108189195394
1634126723974298000,11.762298095703125,-0.04650163893401622,0.048726913768053055,0.010568009635061024
1634126723994176800,11.7821767578125,-0.051038113319873804,0.04071545674800873,0.018485650891810656
1634126724014056000,11.802055908203124,-0.06081015027165412,0.021544892331957815,0.026220336797088382
1634126724033935000,11.82193505859375,-0.06139701024889946,0.014455226331949234,0.043308249720185994
1634126724053814000,11.84181396484375,0.008339958322048186,-0.014580898538231848,0.029275924975425003
1634126724073693000,11.86169287109375,0.01728255871236324,-0.0054500820994377135,0.0398376510001719
1634126724093571800,11.88157177734375,0.014438275197148322,-0.008166355320811272,0.06544438594356179
1634126724113451000,11.901450927734375,0.009168810361623763,-0.062470192438364026,0.07805968349725008
1634126724133330000,11.921329833984375,0.03299626067280769,-0.039110944160819054,0.07285334702581167
1634126724153209000,11.941208984375,0.02979132715165615,0.08031038503348827,0.025387393104285002
1634126724173087700,11.961087646484375,-0.017304770544171334,0.13692600622475146,-0.024833266352862118
1634126724192967000,11.980966796875,-0.06422784976065159,0.11853519400954246,-0.030136195066571232
1634126724212846000,12.00084619140625,-0.09678221188485622,0.12021218731105326,-0.013813859688490629
1634126724232725000,12.02072509765625,-0.06399754813611506,0.13984277045428753,0.0026239187628030775
1634126724252604000,12.04060400390625,-0.0013169278174638747,0.18340777141451833,-0.019109774139523503
1634126724272482800,12.06048291015625,0.04349193572402,0.10999065302610396,-0.09754998138695954
1634126724292362000,12.080362060546875,0.007672434324026108,-0.012611644291877746,-0.09262202346548437
1634126724312241000,12.100240966796875,0.09781973823904991,-0.14095686917603015,-0.06062061904892325
1634126724332120000,12.1201201171875,0.1984288149356842,-0.2709393398731947,-0.03385448493734002
1634126724351999000,12.1399990234375,0.16583119819164274,-0.213302558940649,0.010564648634195328
1634126724371878000,12.1598779296875,0.15452420675754547,-0.06039397068619728,0.058761985570192334
1634126724391757000,12.179757080078126,0.13305997844636439,0.00999590883553028,0.04689882155805826
1634126724411636000,12.199635986328126,0.05410100802183151,0.06547697303891181,0.01165507421940565
1634126724431515000,12.219514892578125,0.016962825238704682,0.07312310387790202,0.008493103057146073
1634126724451393800,12.239393798828125,-0.0005319149196147918,0.06012450609505176,-0.0007272913612425327
1634126724471273000,12.25927294921875,0.0016325696378946303,0.05170388375222683,0.011609481512010097
1634126724491152100,12.279152099609375,-0.032090836265683174,0.02529752286374569,0.022919249425083398
1634126724511031000,12.299031005859375,-0.013515899655222891,-0.03245733149051666,0.05593801419064402
1634126724530910000,12.318909912109374,-0.030639468413591383,-0.04207447014153003,0.06690729810297488
1634126724550788900,12.338788818359374,0.009701309803128243,-0.026211130577325818,0.056469198457896705
1634126724570668000,12.35866796875,0.02796703433394432,-0.04247779024541378,0.028725597616285084
1634126724590546000,12.3785458984375,0.017278467059135435,0.008247603863477707,0.030329671812057493
1634126724610425000,12.398425048828125,0.03331891675591469,0.057824412459135055,0.014212211356312036
1634126724630303700,12.4183037109375,0.05745791723430156,0.05866846206784248,-0.011464081691950559
1634126724650183000,12.438182861328125,0.04741466212570667,0.044134909802675246,0.01798296206668019
1634126724670062000,12.45806201171875,0.05388824205398559,0.022970541220903397,0.0265310101814568
1634126724689941000,12.47794091796875,0.06315466757118701,0.006321604236960411,0.04215966420695185
1634126724709820200,12.497820068359376,-0.009175240102410316,-0.0293751475661993,0.04897592009305954
1634126724729698800,12.51769873046875,0.04824176059961319,-0.0538619385689497,0.04293137923181057
1634126724749578000,12.537577880859375,-0.010925883162021637,0.019272271224856377,-0.0029326924510300156
1634126724769457000,12.557456787109375,-0.049850364840030664,0.07216039632558822,-0.03120221686288714
1634126724789336000,12.577336181640625,-0.06909224092662335,0.059845104631781575,-0.05512406745925545
1634126724809215000,12.597215087890625,-0.07142974396348,0.05293547137379646,-0.022551439025998113
1634126724829093400,12.61709326171875,-0.040462358769774436,0.06900982334017754,-0.02714855755791068
1634126724848972500,12.63697265625,-0.0206435595780611,0.09019348114430904,-0.010146423222124576
1634126724868851500,12.6568515625,0.012326982131600378,0.02906359739899635,-0.025663725827634334
1634126724888730600,12.676730712890626,0.006155600020289421,-0.036355507972836494,0.005730652606487274
1634126724908609500,12.696609619140625,-0.0013397241711616515,-0.04466039498150348,-0.028865152217447756
1634126724928488400,12.716488525390625,0.00005143792629241943,-0.041698038044571874,-0.005239361958205699
1634126724948367600,12.73636767578125,0.02266834340393543,-0.03879764042794704,0.018256664441525936
1634126724968246500,12.75624658203125,0.0011813187390565872,-0.004869067341089248,-0.009674275665730238
1634126724988125400,12.77612548828125,-0.034325463449954983,0.053853755262494085,-0.010764408989995717
1634126725008004400,12.79600439453125,-0.004615384840965271,0.04368775055706501,-0.010444090994447468
1634126725027883500,12.815883544921874,-0.017442717710137366,-0.003651508244872093,-0.027818127382546663
1634126725047762700,12.8357626953125,-0.03866378491520881,-0.013097966504096984,0.0009101005822420119
1634126725067641600,12.8556416015625,0.0169663323700428,-0.0006423895567655563,0.029258389318734406
1634126725087520500,12.8755205078125,0.09332125777602195,-0.019385668471455574,0.0005427285745739937
1634126725107399400,12.8953994140625,0.10301087714135647,-0.05372340688109398,-0.002883008090406656
1634126725127278600,12.915278564453125,0.09653788173496723,-0.05408464140892028,0.01045841178074479
1634126725147157500,12.935157470703125,0.10532324573695659,-0.001260229194164276,-0.005398351912200451
1634126725167036400,12.955036376953124,0.12119769121706485,0.009135492613911628,-0.016138357113301752
1634126725186915600,12.97491552734375,0.10158289016485214,-0.005487491500377655,-0.03080518036931753
1634126725206794500,12.99479443359375,0.03921908071041107,0.017954758885502815,-0.021506606148183345
1634126725226673700,13.014673583984376,-0.02464519643485546,0.052231707018613814,-0.015238047272711991
1634126725246552600,13.034552490234375,0.015506196689605713,0.03458265308141708,0.006972030969709157
1634126725266431500,13.054431396484375,-0.01433598386645317,-0.008397241467237472,-0.015162936209887266
1634126725286310400,13.074310302734375,-0.0437882883220911,-0.019285715228319168,0.007280366266518831
1634126725306189600,13.094189453125,-0.0491997919768095,-0.02508826402723789,0.03867079917788505
1634126725326068700,13.11406884765625,0.00007774141132831573,0.015056114834547041,0.03634323301315307
1634126725345947400,13.133947509765624,0.03580138122141361,0.08740063555538653,-0.018491934502124784
1634126725365826600,13.15382666015625,0.03961538655161857,0.04713058448731899,-0.01690057365745306
1634126725385705500,13.17370556640625,0.031195933252573013,-0.08237140921652317,0.014043430660665034
1634126725405584600,13.193584716796876,0.061608607172966,-0.10231821870207786,0.04607420730218291
1634126725425463600,13.213463623046875,0.0820171889513731,-0.0070651160806417465,0.04227335371449589
1634126725445341700,13.233341796875,0.04607259986698627,0.06553074905276299,0.06093728378266096
1634126725465220400,13.253220458984375,0.045694998726248735,0.08116086438298224,0.043281653974205254
1634126725485099500,13.273099609375,0.022983985224366187,0.06614274347126484,-0.023685557622462508
1634126725504978400,13.292978515625,-0.001689268261194229,0.05805880573689937,-0.020244038866460323
1634126725524857600,13.312857666015624,-0.013834464085102081,0.020088263782858846,-0.02633914087116718
1634126725544736500,13.332736572265626,-0.015537760871648787,0.0527291351467371,0.006299100144207477
1634126725564615400,13.352615478515625,-0.01048223104774952,0.05547346541881561,0.020678046369552613
1634126725584494600,13.37249462890625,-0.01686696364879608,0.04320142834484577,0.006861410202085971
1634126725604373500,13.39237353515625,0.015065467184782027,-0.013081015369296073,-0.044447482883185147
1634126725624252700,13.412252685546875,0.008261047866940497,0.018779519271850585,-0.005431377398967743
1634126725644131300,13.43213134765625,0.018352233770489692,0.090221538195014,0.007341156543046235
1634126725664010500,13.452010498046874,0.026415713238716124,0.12628127809166909,-0.014713438876718282
1634126725683889700,13.4718896484375,0.04182721738219261,0.1299672731280327,0.007335019063204527
1634126725703768600,13.4917685546875,0.046488194930553436,0.07174421674013137,-0.019863807377219198
1634126725723647500,13.5116474609375,0.06382102252542972,0.07586568058431148,-0.024541589929908514
1634126725743526400,13.5315263671875,0.06664601681828498,0.06490764871835708,-0.004789572364091873
1634126725763405600,13.551405517578125,0.06889291896224022,0.0182429281771183,-0.002503653384000063
1634126725783284500,13.571284423828125,0.06379354999661445,-0.025624855121970175,0.0003672258771955967
1634126725803163600,13.59116357421875,0.04679565344452858,0.0009060089290142059,-0.033781127440184355
1634126725823043000,13.61104296875,0.03200549606978893,0.027806875336170194,-0.025380671102553605
1634126725842922200,13.630922119140624,-0.021745383340120314,0.013488427126407623,-0.019412264217436314
1634126725862801200,13.65080126953125,-0.02967325372993946,0.01741115352809429,-0.007326105104386806
1634126725882680000,13.67068017578125,0.019320202019810676,0.024065350720286368,-0.020950141309201715
1634126725902559200,13.690559326171876,0.03697217856645584,0.013854337829351424,-0.03578837560936808
1634126725922438100,13.710438232421875,0.06350771879255772,0.04287175799906254,-0.03058861500918865
1634126725942317300,13.7303173828125,0.06091302612423896,0.11189444082081318,-0.04074848223477602
1634126725962196200,13.7501962890625,0.07153612694740295,0.07194412322640419,-0.04965937231257558
1634126725982075100,13.7700751953125,0.06318623175323008,0.02867722842991352,-0.05079831321462989
1634126726001954000,13.7899541015625,0.07624620433449744,0.0032090251743793485,-0.008197042720019816
1634126726021833200,13.809833251953124,0.03677227208018303,0.01593406671285629,0.03440744264498353
1634126726041712000,13.829712158203124,-0.01944938135743141,0.052532735791802405,0.032279929096996784
1634126726061591000,13.849591064453126,-0.022368483674526214,0.01397825646996498,0.011261837118119001
1634126726081470200,13.86947021484375,-0.0003618190497159958,-0.09909925665557384,-0.026715134576708075
1634126726101349000,13.88934912109375,-0.02173427742421627,-0.122620417496562,-0.04702566280812025
1634126726121228300,13.909228271484375,-0.04199263707697391,-0.10635200426280497,-0.070329381506145
1634126726141107200,13.929107177734375,-0.03601940788626671,-0.007751344779133796,-0.015700988609343765
1634126726160986000,13.948986083984375,-0.03279693870842457,0.14996376697421074,0.027253771498054264
1634126726180865000,13.968864990234374,0.02518061848580837,0.17502105134129523,0.0013480536080896853
1634126726200744200,13.988744140625,0.05560848997533321,0.13712766627669334,-0.055429480146616694
1634126726220623400,14.008623291015626,0.09426584514975547,0.06828326263129711,-0.028017887738347052
1634126726240502000,14.028501953125,0.11491115829348564,-0.0020925883650779725,-0.012645692691951989
1634126726260381200,14.048381103515625,0.07087678625583649,-0.0007809212446212769,0.027720658357441422
1634126726280260000,14.068260009765625,0.07922609692811966,-0.011171382355690002,0.056265638709813354
1634126726300139300,14.08813916015625,0.09720715929865836,-0.05279518612027168,0.03260039322301745
1634126726320018200,14.10801806640625,0.1061550203859806,-0.06876432414650917,0.0028666414774954317
1634126726339897000,14.12789697265625,0.04693243156671524,-0.015250176101922988,0.005815846671909094
1634126726359776300,14.1477763671875,0.03504208728671074,0.014463409638404845,-0.021011077716201542
1634126726379655200,14.1676552734375,-0.012870002967119216,0.04384440242350101,-0.009097352560609579
1634126726399534300,14.187534423828126,-0.0289525382399559,0.010520809492468834,0.002044073048233986
1634126726419413000,14.2074130859375,-0.039329555347561836,-0.04622516008019447,0.007910042472183704
1634126726439292200,14.227292236328125,-0.13233575582504273,-0.06600128917396068,0.03006561404839158
1634126726459171000,14.247171142578125,-0.2507955465108156,-0.1421446176558733,0.09640563365742563
1634126726479049200,14.26704931640625,-0.36823359293341634,-0.1347808108896017,0.02203969011157751
1634126726498928000,14.28692822265625,-0.08255202648043632,0.04079962790012359,0.1330209616102278
1634126726518807300,14.306807373046874,0.13690087178349494,-0.05026946703493595,0.0881409325286746
1634126726538686200,14.326686279296876,0.3468324929863214,-0.08296645250022411,-0.09564838554933666
1634126726558565000,14.346565185546876,0.3187970695912838,-0.15704232705831528,-0.01667626338228583
1634126726578444300,14.3664443359375,-0.03127309014201164,-0.7217004093676805,-0.2872333259396255
1634126726598323200,14.3863232421875,0.20961130320727825,-0.19525953724980352,0.341399508152157
1634126726618202000,14.4062021484375,-0.1398743346363306,0.15720423962175845,0.1526828166745603
1634126726638081000,14.4260810546875,0.45176118644773955,-0.1309077688485384,0.6606430063366889
1634126726657960200,14.445960205078125,0.17333645925521848,-0.2594809572696686,0.4707442654676735
1634126726677839400,14.46583935546875,0.3865805660068989,-0.4887731125026941,0.7248898530587553
1634126726697718000,14.485718017578124,0.7709305964827537,-0.6362941624999046,0.736362629513815
1634126726717597200,14.50559716796875,-0.32750060052871705,-1.0428133546859026,0.1149723869614303
1634126726737476000,14.52547607421875,0.41706162898838517,-0.8005319540202617,0.8810290937975048
1634126726757355300,14.545355224609375,0.029722353568673133,-0.8781050230443477,0.20450755032747983
1634126726777234200,14.565234130859375,0.16539689842760563,-0.5338353662833571,-0.21937720267921684
1634126726797113000,14.585113037109375,0.3703969084471464,-0.6444532112970948,0.810122716121003
1634126726816991500,14.604991455078125,0.6119324591815472,-1.105952240166068,0.41616679904051124
1634126726836870700,14.62487060546875,-0.6501765573799609,-1.135894958487153,-0.10962006614804268
1634126726856749800,14.644749755859374,-0.558078703919053,-0.1897460345253348,1.0198667788624762
1634126726876628700,14.664628662109376,-0.8760685487806796,-0.09081658147871494,0.729755559398979
1634126726896507600,14.684507568359376,-0.330699104309082,0.2944122776582837,0.5232644340388477
1634126726916386600,14.704386474609375,-0.034277532655000685,0.27577421268373725,0.18753705323897302
1634126726936265700,14.724265625,0.6439619206488132,0.18239172623977065,-0.20240487895980477
1634126726956144600,14.74414453125,0.8230337086856365,0.08477686292305588,-0.7240877428956329
1634126726976023600,14.7640234375,0.4581950188875198,0.15179931183829903,-0.8848075894229114
1634126726995902700,14.78390283203125,-0.0076554831892251965,0.48621334501728414,-0.543035740827024
1634126727015781600,14.80378173828125,-0.46159693628549575,0.6728934161007404,-0.34315044347271323
1634126727035660800,14.823660888671874,-0.6597650544583797,0.8289442479036748,-0.0400395302478224
1634126727055539700,14.843539794921876,-0.6284124693393707,0.9632800915047526,-0.042343642471730704
1634126727075418600,14.863418701171875,-0.15650164431035518,1.059579926700145,-0.019110066400468348
1634126727095297500,14.883297607421875,0.17837503794431686,0.7104971705690026,-0.3713285632740706
1634126727115176700,14.9031767578125,0.3716828566044569,0.5604648684032261,-0.4599543567102402
1634126727135056000,14.923055908203125,0.6866875481754541,0.4773277355112135,-0.3601541121784597
1634126727154934500,14.9429345703125,0.6190238787472248,0.12824921716377138,-0.5610689717762172
1634126727174813700,14.962813720703124,0.6299000775486231,0.01906418143212795,-0.574154078798741
1634126727194692600,14.982692626953124,0.6399889253646135,0.042850569080561396,-0.5531168437279761
1634126727214571800,15.00257177734375,0.5411895284384489,0.06911854441165924,-0.3886651171959936
1634126727234450700,15.02245068359375,0.4237754474133253,0.0046498716324567795,-0.2875407113883644
1634126727254329600,15.04232958984375,0.3586988718688488,-0.042565760789811606,-0.24779979876093566
1634126727274208500,15.06220849609375,0.33094577254652974,-0.029924159751087424,-0.21200513954125344
1634126727294087700,15.082087646484375,0.22631986142396926,-0.03482274544760584,-0.1187974251423031
1634126727313966800,15.101966796875,0.2653787831366062,0.08866217992380261,-0.0833255681362003
1634126727333845500,15.121845458984374,0.2753787836253643,0.053649610992521045,-0.07157366421250626
1634126727353724700,15.141724609375,0.16793313890695571,-0.06249313492253422,-0.07337766316086053
1634126727373603600,15.161603515625,0.09528174419403075,-0.06932239642068744,0.10911074665272608
1634126727393482800,15.181482666015626,-0.02376198385953903,0.047103696480393406,0.2858789887212217
1634126727413361700,15.201361572265625,-0.12198095054924488,0.07816679713353514,0.4273415423970669
1634126727433240600,15.221240478515625,-0.40036651477515695,0.08139496539980173,0.46352987710945304
1634126727453119700,15.24111962890625,-0.2434673955798149,-0.08167071360126137,0.23104089859649538
1634126727472998700,15.26099853515625,-0.20599135914444922,-0.45918987514376636,0.012527564471308142
1634126727492877800,15.2808779296875,-0.3272568549007177,-0.6822782073006034,-0.010906813135370612
1634126727512756500,15.300756591796874,0.6163701493680477,-0.7892056733638048,-0.65071687480174
1634126727532635600,15.3206357421875,0.7607125693291426,-0.44161330192089077,-0.4005672980442643
1634126727552514600,15.3405146484375,0.23561726660132407,-0.04698270044922828,-0.010836012921482324
1634126727572393700,15.360393798828126,-0.3248053700953722,0.3184248752780258,0.31784839056432246
1634126727592272600,15.380272705078125,-0.4849696285665035,0.4159842090152204,0.33151356249712405
1634126727612151600,15.400151611328125,-0.48674891319870944,0.32333880467414855,0.22640476322844624
1634126727632030700,15.42003076171875,-0.09753332251310348,0.019384791688621044,0.0026603052504360672
